来源面,类别,符号,使用次数,涉及文件数,示例文件
结构化C#,对话API,SAY,6014,350,CSharpScripts/NPCs/00Default/UseItemPositioningScrollPages.cs；CSharpScripts/NPCs/00Default/UseItemPremiumPassPages.cs；CSharpScripts/NPCs/00Default/UseItemServerTestScrollPages.cs
结构化C#,对话API,CLOSE,457,264,CSharpScripts/NPCs/比奇省/半兽古墓/远古神石D003.cs；CSharpScripts/NPCs/比奇省/比奇城/比奇城主0122.cs；CSharpScripts/NPCs/比奇省/比奇城/比奇防具0106.cs
结构化C#,对话API,GOTO,287,213,CSharpScripts/NPCs/00Default/UseItemPositioningScrollPages.cs；CSharpScripts/NPCs/00Default/UseItemServerTestScrollPages.cs；CSharpScripts/NPCs/比奇省/比奇城/比奇城主0122.cs
结构化C#,对话API,ALLOW,10,3,CSharpScripts/NPCs/比奇省/比奇城/任务活动.cs；CSharpScripts/NPCs/比奇省/比奇城/远古使者0.cs；CSharpScripts/NPCs/游戏活动/满月颓废君.cs
结构化C#,对话API,BUTTON,7,4,CSharpScripts/NPCs/比奇省/比奇城/公告牌0.cs；CSharpScripts/NPCs/毒蛇山谷/任务特殊/神秘人E603.cs；CSharpScripts/NPCs/雪白县/雪人洞窟/雪洞石柱.cs
结构化C#,领域注册,DROPS,1398,1398,CSharpScripts/Drops/00Awakening.cs；CSharpScripts/Drops/00Blackstone.cs；CSharpScripts/Drops/00Fishing.cs
结构化C#,领域注册,QUESTS,178,178,CSharpScripts/Quests/10.cs；CSharpScripts/Quests/100.cs；CSharpScripts/Quests/101.cs
结构化C#,领域注册,TEXTFILES,121,121,CSharpScripts/Events/0-Event-40.cs；CSharpScripts/Events/Event/Event41.cs；CSharpScripts/Events/gumi203-Event-41.cs
结构化C#,领域注册,RECIPES,118,118,CSharpScripts/Recipe/白骨甲(男).cs；CSharpScripts/Recipe/白骨头巾.cs；CSharpScripts/Recipe/白骨衣(女).cs
结构化C#,领域注册,ROUTES,25,25,CSharpScripts/Routes/比奇省/G-260196.cs；CSharpScripts/Routes/比奇省/G-261329.cs；CSharpScripts/Routes/比奇省/G-266190.cs
结构化C#,领域注册,VALUES,6,6,CSharpScripts/Values/定位符咒.cs；CSharpScripts/Values/ApPoint.cs；CSharpScripts/Values/Gems.cs
结构化C#,领域注册,NAMELISTS,2,2,CSharpScripts/NameLists/新人公会列表.cs；CSharpScripts/NameLists/行会列表.cs
结构化C#,领域API,TELEPORT,166,99,CSharpScripts/NPCs/00Default/UseItemPositioningScrollPages.cs；CSharpScripts/NPCs/00Default/UseItemServerTestScrollPages.cs；CSharpScripts/NPCs/00Default/UseItemTeleportScrollPages.cs
结构化C#,领域API,HINT,164,18,CSharpScripts/NPCs/00Default/UseItemPositioningScrollPages.cs；CSharpScripts/NPCs/00Monster/MonsterHooks.cs；CSharpScripts/NPCs/比奇省/比奇城/任务活动.cs
结构化C#,领域API,GIVEITEM,153,16,CSharpScripts/NPCs/00Default/UseItemPositioningScrollPages.cs；CSharpScripts/NPCs/00Default/UseItemServerTestScrollPages.cs；CSharpScripts/NPCs/比奇省/比奇城/游戏向导0.cs
结构化C#,领域API,OPENNPCBUYBACKPANEL,104,104,CSharpScripts/NPCs/比奇省/半兽古墓/奸商崔氏DM001.cs；CSharpScripts/NPCs/比奇省/比奇城/比奇防具0106.cs；CSharpScripts/NPCs/比奇省/比奇城/比奇药店0108.cs
结构化C#,领域API,OPENNPCBUYSELLPANEL,97,97,CSharpScripts/NPCs/比奇省/半兽古墓/奸商崔氏DM001.cs；CSharpScripts/NPCs/比奇省/比奇城/比奇防具0106.cs；CSharpScripts/NPCs/比奇省/比奇城/比奇药店0108.cs
结构化C#,领域API,OPENNPCREPAIRPANEL,77,69,CSharpScripts/NPCs/比奇省/半兽古墓/奸商崔氏DM001.cs；CSharpScripts/NPCs/比奇省/比奇城/比奇防具0106.cs；CSharpScripts/NPCs/比奇省/比奇城/首饰戒指0105.cs
结构化C#,领域API,CHECKGOLD,53,28,CSharpScripts/NPCs/比奇省/比奇城/传送员经录0.cs；CSharpScripts/NPCs/比奇省/比奇城/传送员俊昊0.cs；CSharpScripts/NPCs/比奇省/比奇城/传送员暖石0.cs
结构化C#,领域API,TAKEGOLD,52,27,CSharpScripts/NPCs/比奇省/比奇城/传送员经录0.cs；CSharpScripts/NPCs/比奇省/比奇城/传送员俊昊0.cs；CSharpScripts/NPCs/比奇省/比奇城/传送员暖石0.cs
结构化C#,领域API,HASITEM,49,22,CSharpScripts/NPCs/00Default/UseItemServerTestScrollPages.cs；CSharpScripts/NPCs/比奇省/比奇城/比奇城主0122.cs；CSharpScripts/NPCs/比奇省/比奇城/皇宫封印0122.cs
结构化C#,领域API,OPENNPCBUYPANEL,44,44,CSharpScripts/NPCs/比奇省/比奇城/彩票世旭0.cs；CSharpScripts/NPCs/比奇省/比奇城/督察官0.cs；CSharpScripts/NPCs/比奇省/比奇城/皇宫封印0122.cs
结构化C#,领域API,OPENNPCSELLPANEL,38,38,CSharpScripts/NPCs/比奇省/比奇城/材料回收0.cs；CSharpScripts/NPCs/比奇省/比奇城/觉醒弟子0.cs；CSharpScripts/NPCs/比奇省/比奇城/肉店店员0.cs
结构化C#,领域API,TAKEITEM,37,18,CSharpScripts/NPCs/比奇省/比奇城/比奇城主0122.cs；CSharpScripts/NPCs/比奇省/比奇城/皇宫封印0122.cs；CSharpScripts/NPCs/比奇省/比奇城/客栈老板0125.cs
结构化C#,领域API,SETFLAG,36,20,CSharpScripts/NPCs/比奇省/比奇城/比奇防具0106.cs；CSharpScripts/NPCs/比奇省/比奇城/彩票世旭0.cs；CSharpScripts/NPCs/比奇省/比奇城/皇宫封印0122.cs
结构化C#,领域API,GIVEGOLD,20,7,CSharpScripts/NPCs/比奇省/比奇城/客栈老板0125.cs；CSharpScripts/NPCs/比奇省/比奇城/游戏向导0.cs；CSharpScripts/NPCs/比奇省/边界村/仓库保管0140.cs
结构化C#,领域API,GETFLAG,15,12,CSharpScripts/NPCs/比奇省/比奇城/比奇防具0106.cs；CSharpScripts/NPCs/比奇省/比奇城/彩票世旭0.cs；CSharpScripts/NPCs/比奇省/比奇城/皇宫封印0122.cs
结构化C#,领域API,LOCALMESSAGE,15,15,CSharpScripts/NPCs/比奇省/比奇城/皇宫副官0.cs；CSharpScripts/NPCs/比奇省/边界村/边界监狱0127.cs；CSharpScripts/NPCs/比奇省/边界村/善行助理0.cs
结构化C#,领域API,OPENNPCSTORAGEPANEL,15,15,CSharpScripts/NPCs/比奇省/半兽古墓/仓库郑氏D002.cs；CSharpScripts/NPCs/比奇省/比奇城/东海旅馆店员0.cs；CSharpScripts/NPCs/比奇省/比奇城/客栈老板0125.cs
结构化C#,领域API,HASBUFF,14,3,CSharpScripts/SystemScripts/00Default/UseItems/UseItemsPart01_12_99.cs；CSharpScripts/SystemScripts/00Default/UseItems/UseItemsPart299_305.cs；CSharpScripts/SystemScripts/00Default/UseItems/UseItemsPart50_76.cs
结构化C#,领域API,ISONMAP,14,1,CSharpScripts/SystemScripts/00Default/LevelUpHooks.cs
结构化C#,领域API,REMOVEBUFF,14,3,CSharpScripts/NPCs/比奇省/比奇城/任务活动.cs；CSharpScripts/SystemScripts/00Default/CustomCommandHooks.cs；CSharpScripts/SystemScripts/00Default/UseItems/UseItemsPart299_305.cs
结构化C#,领域API,ADDBUFFFROMSETBUFFS,12,4,CSharpScripts/SystemScripts/00Default/CustomCommandHooks.cs；CSharpScripts/SystemScripts/00Default/MapEnterHooks.cs；CSharpScripts/SystemScripts/00Default/UseItems/UseItemsPart299_305.cs
结构化C#,领域API,ISQUESTCOMPLETED,12,11,CSharpScripts/NPCs/比奇省/比奇城/比奇防具0106.cs；CSharpScripts/NPCs/比奇省/比奇城/皇宫副官0.cs；CSharpScripts/NPCs/比奇省/比奇城/客栈老板0125.cs
结构化C#,领域API,OPENNPCCRAFTPANEL,12,12,CSharpScripts/NPCs/比奇省/比奇城/制造尚宫0.cs；CSharpScripts/NPCs/比奇省/边界村/制造尚宫0边界村.cs；CSharpScripts/NPCs/道馆/道馆区域/制造尚宫11.cs
结构化C#,领域API,COLLECTNPCPARCELS,10,10,CSharpScripts/NPCs/比奇省/比奇城/客栈老板0125.cs；CSharpScripts/NPCs/比奇省/边界村/仓库保管0140.cs；CSharpScripts/NPCs/道馆/道馆区域/仓库保管11.cs
结构化C#,领域API,OPENNPCSENDPARCELPANEL,10,10,CSharpScripts/NPCs/比奇省/比奇城/客栈老板0125.cs；CSharpScripts/NPCs/比奇省/边界村/仓库保管0140.cs；CSharpScripts/NPCs/道馆/道馆区域/仓库保管11.cs
结构化C#,领域API,CHECKLEVEL,9,3,CSharpScripts/NPCs/比奇省/比奇城/任务活动.cs；CSharpScripts/NPCs/比奇省/比奇城/游戏向导0.cs；CSharpScripts/NPCs/游戏管理/管理综合GM.cs
结构化C#,领域API,MONGEN,7,6,CSharpScripts/NPCs/00Monster/MonsterHooks.cs；CSharpScripts/NPCs/道馆/野外其他/季正D10061.cs；CSharpScripts/NPCs/昆仑/秘密书库/飞燕嘉文InDun_SD_SecR_1.cs
结构化C#,领域API,OPENDEFAULTNPCPAGE,7,2,CSharpScripts/SystemScripts/00Default/UseItems/UseItemsPart01_12_99.cs；CSharpScripts/SystemScripts/00Default/UseItems/UseItemsPart500_542.cs
结构化C#,领域API,OPENNPCCONSIGNPANEL,7,6,CSharpScripts/NPCs/夔龙城/城内/拍卖商店4.cs；CSharpScripts/NPCs/盟重省/土城/委托商3.cs；CSharpScripts/NPCs/盟重省/土城/TrustMerchant3.cs
结构化C#,领域API,OPENNPCMARKETPANEL,7,7,CSharpScripts/NPCs/夔龙城/城内/拍卖商店4.cs；CSharpScripts/NPCs/盟重省/土城/委托商3.cs；CSharpScripts/NPCs/盟重省/土城/TrustMerchant3.cs
结构化C#,领域API,LOADVALUE,6,1,CSharpScripts/NPCs/00Default/UseItemPositioningScrollPages.cs
结构化C#,领域API,MONCLEAR,5,4,CSharpScripts/NPCs/道馆/野外其他/季正D10061.cs；CSharpScripts/NPCs/昆仑/秘密书库/飞燕嘉文InDun_SD_SecR_1.cs；CSharpScripts/NPCs/昆仑/秘密书库/研究员摩鲁InDun_SD_SecR_1.cs
结构化C#,领域API,TRYENTERMAP,5,2,CSharpScripts/NPCs/比奇省/比奇城/任务活动.cs；CSharpScripts/SystemScripts/00Default/MapCoordHooks.cs
结构化C#,领域API,REVIVEHERO,4,4,CSharpScripts/NPCs/比奇省/比奇城/任务活动.cs；CSharpScripts/NPCs/系统英雄/招募英雄.cs；CSharpScripts/NPCs/游戏管理/管理英雄GM.cs
结构化C#,领域API,SAVEVALUE,4,1,CSharpScripts/NPCs/00Default/UseItemPositioningScrollPages.cs
结构化C#,领域API,CHECKBUFF,3,2,CSharpScripts/NPCs/比奇省/比奇城/任务活动.cs；CSharpScripts/NPCs/比奇省/边界村/边界监狱0127.cs
结构化C#,领域API,EXPIRETIMER,3,2,CSharpScripts/NPCs/比奇省/比奇城/任务活动.cs；CSharpScripts/NPCs/游戏活动/爱心兔子.cs
结构化C#,领域API,GIVEGUILDEXP,3,1,CSharpScripts/SystemScripts/00Default/UseItems/UseItemsPart13_32.cs
结构化C#,领域API,MANAGEHEROES,3,3,CSharpScripts/NPCs/比奇省/比奇城/任务活动.cs；CSharpScripts/NPCs/系统英雄/英雄管理.cs；CSharpScripts/NPCs/游戏管理/管理英雄GM.cs
结构化C#,领域API,SEALHERO,3,3,CSharpScripts/NPCs/比奇省/比奇城/任务活动.cs；CSharpScripts/NPCs/系统英雄/英雄管理.cs；CSharpScripts/NPCs/游戏管理/管理英雄GM.cs
结构化C#,领域API,ADDBUFF,2,2,CSharpScripts/SystemScripts/00Default/UseItems/UseItemsPart01_12_99.cs；CSharpScripts/SystemScripts/00Default/UseItems/UseItemsPart500_542.cs
结构化C#,领域API,ADDNAMETONAMELIST,2,2,CSharpScripts/NPCs/比奇省/比奇城/公告牌0.cs；CSharpScripts/NPCs/比奇省/边界村/善行助理0.cs
结构化C#,领域API,ADDTOGUILD,2,2,CSharpScripts/NPCs/比奇省/比奇城/公告牌0.cs；CSharpScripts/NPCs/比奇省/边界村/善行助理0.cs
结构化C#,领域API,CLEARPETS,2,2,CSharpScripts/NPCs/游戏管理/管理综合GM.cs；CSharpScripts/SystemScripts/00Default/CustomCommandHooks.cs
结构化C#,领域API,CREATEGUILD,2,2,CSharpScripts/NPCs/比奇省/比奇城/比奇城主0122.cs；CSharpScripts/NPCs/游戏管理/管理综合GM.cs
结构化C#,领域API,CREATEHERO,2,2,CSharpScripts/NPCs/系统英雄/招募英雄.cs；CSharpScripts/NPCs/游戏管理/管理英雄GM.cs
结构化C#,领域API,GETBAGFREESLOTCOUNT,2,2,CSharpScripts/SystemScripts/00Default/UseItems/UseItemsPart13_32.cs；CSharpScripts/SystemScripts/00Default/UseItems/UseItemsPart50_76.cs
结构化C#,领域API,GETPLAYERCOUNTONMAP,2,2,CSharpScripts/NPCs/道馆/野外其他/季正D10061.cs；CSharpScripts/SystemScripts/00Default/OnAcceptQuestHooks.cs
结构化C#,领域API,GIVEBUFF,2,2,CSharpScripts/NPCs/比奇省/比奇城/皇宫副官0.cs；CSharpScripts/NPCs/游戏活动/雕刻师德勋.cs
结构化C#,领域API,NAMELISTCONTAINS,2,2,CSharpScripts/NPCs/比奇省/比奇城/公告牌0.cs；CSharpScripts/SystemScripts/00Default/LevelUpHooks.cs
结构化C#,领域API,OPENNPCBUYSELLNEWPANEL,2,2,CSharpScripts/NPCs/系统英雄/英雄管理.cs；CSharpScripts/NPCs/游戏管理/管理英雄GM.cs
结构化C#,领域API,REDUCEPKPOINT,2,1,CSharpScripts/SystemScripts/00Default/UseItems/UseItemsPart01_12_99.cs
结构化C#,领域API,REMOVENAMEFROMNAMELIST,2,2,CSharpScripts/NPCs/比奇省/比奇城/公告牌0.cs；CSharpScripts/SystemScripts/00Default/LevelUpHooks.cs
结构化C#,领域API,ROLLYUT,2,1,CSharpScripts/NPCs/游戏活动/满月颓废君.cs
结构化C#,领域API,SETHAIR,2,2,CSharpScripts/NPCs/比奇省/比奇城/美发店0107.cs；CSharpScripts/SystemScripts/00Default/UseItems/UseItemsPart50_76.cs
结构化C#,领域API,SETTIMER,2,2,CSharpScripts/NPCs/比奇省/比奇城/任务活动.cs；CSharpScripts/NPCs/游戏活动/爱心兔子.cs
结构化C#,领域API,TIMERECALL,2,2,CSharpScripts/NPCs/比奇省/比奇城/任务活动.cs；CSharpScripts/NPCs/游戏活动/爱心兔子.cs
结构化C#,领域API,TOGGLEGENDER,2,1,CSharpScripts/SystemScripts/00Default/UseItems/UseItemsPart01_12_99.cs
结构化C#,领域API,TRYREMOVEFROMGUILD,2,2,CSharpScripts/NPCs/比奇省/比奇城/公告牌0.cs；CSharpScripts/SystemScripts/00Default/LevelUpHooks.cs
结构化C#,领域API,CHANGELEVEL,1,1,CSharpScripts/NPCs/游戏管理/管理综合GM.cs
结构化C#,领域API,CLEARMONSTERS,1,1,CSharpScripts/SystemScripts/00Default/OnAcceptQuestHooks.cs
结构化C#,领域API,CLOSEGATE,1,1,CSharpScripts/NPCs/盟重省/沙巴克/沙城管理0150.cs
结构化C#,领域API,CONQUESTGATE,1,1,CSharpScripts/NPCs/盟重省/沙巴克/沙城管理0150.cs
结构化C#,领域API,CONQUESTGUARD,1,1,CSharpScripts/NPCs/盟重省/沙巴克/沙城管理0150.cs
结构化C#,领域API,CONQUESTSIEGE,1,1,CSharpScripts/NPCs/盟重省/沙巴克/沙城管理0150.cs
结构化C#,领域API,CONQUESTWALL,1,1,CSharpScripts/NPCs/盟重省/沙巴克/沙城管理0150.cs
结构化C#,领域API,DELETEHERO,1,1,CSharpScripts/NPCs/游戏管理/管理英雄GM.cs
结构化C#,领域API,GETPETCOUNT,1,1,CSharpScripts/SystemScripts/00Default/CustomCommandHooks.cs
结构化C#,领域API,GIVEEXP,1,1,CSharpScripts/SystemScripts/00Default/UseItems/UseItemsPart13_32.cs
结构化C#,领域API,GIVEPET,1,1,CSharpScripts/SystemScripts/00Default/CustomCommandHooks.cs
结构化C#,领域API,GIVESKILL,1,1,CSharpScripts/NPCs/游戏管理/管理技能GM.cs
结构化C#,领域API,ISINRANGE,1,1,CSharpScripts/NPCs/关外地区/地狱道3层/地狱鬼魂.cs
结构化C#,领域API,ISQUESTACTIVE,1,1,CSharpScripts/NPCs/盟重省/任务特殊/远古神石D715.cs
结构化C#,领域API,LOADBUFFSTATSFROMSETBUFFS,1,1,CSharpScripts/SystemScripts/00Default/UseItems/UseItemsPart01_12_99.cs
结构化C#,领域API,OPENBROWSER,1,1,CSharpScripts/NPCs/游戏管理/管理综合GM.cs
结构化C#,领域API,OPENGATE,1,1,CSharpScripts/NPCs/盟重省/沙巴克/沙城管理0150.cs
结构化C#,领域API,OPENNPCREFINECHECKPANEL,1,1,CSharpScripts/NPCs/盟重省/沙巴克/装备升级0151.cs
结构化C#,领域API,OPENNPCREFINECOLLECT,1,1,CSharpScripts/NPCs/盟重省/沙巴克/装备升级0151.cs
结构化C#,领域API,OPENNPCREFINEPANEL,1,1,CSharpScripts/NPCs/盟重省/沙巴克/装备升级0151.cs
结构化C#,领域API,OPENNPCREPLACEWEDDINGRINGPANEL,1,1,CSharpScripts/NPCs/比奇省/比奇城/皇宫封印0122.cs
结构化C#,领域API,REQUESTGUILDWAR,1,1,CSharpScripts/NPCs/比奇省/比奇城/比奇城主0122.cs
结构化C#,领域API,SCHEDULECONQUEST,1,1,CSharpScripts/NPCs/比奇省/比奇城/比奇城主0122.cs
结构化C#,领域API,SETCONQUESTRATE,1,1,CSharpScripts/NPCs/盟重省/沙巴克/沙城管理0150.cs
结构化C#,领域API,TAKECONQUESTGOLD,1,1,CSharpScripts/NPCs/盟重省/沙巴克/沙城管理0150.cs
结构化C#,页面标签,[@MAIN],367,364,CSharpScripts/NPCs/比奇省/半兽古墓/仓库郑氏D002.cs；CSharpScripts/NPCs/比奇省/半兽古墓/洞窟老者D002.cs；CSharpScripts/NPCs/比奇省/半兽古墓/奸商崔氏DM001.cs
结构化C#,页面标签,[@MAIN-1],206,205,CSharpScripts/NPCs/比奇省/比奇城/比奇城向导0.cs；CSharpScripts/NPCs/比奇省/比奇城/比奇城主0122.cs；CSharpScripts/NPCs/比奇省/比奇城/比奇防具0106.cs
结构化C#,页面标签,[@BUYBACK],104,104,CSharpScripts/NPCs/比奇省/半兽古墓/奸商崔氏DM001.cs；CSharpScripts/NPCs/比奇省/比奇城/比奇防具0106.cs；CSharpScripts/NPCs/比奇省/比奇城/比奇药店0108.cs
结构化C#,页面标签,[@BUYSELL],97,97,CSharpScripts/NPCs/比奇省/半兽古墓/奸商崔氏DM001.cs；CSharpScripts/NPCs/比奇省/比奇城/比奇防具0106.cs；CSharpScripts/NPCs/比奇省/比奇城/比奇药店0108.cs
结构化C#,页面标签,[@REPAIR],67,66,CSharpScripts/NPCs/比奇省/半兽古墓/奸商崔氏DM001.cs；CSharpScripts/NPCs/比奇省/比奇城/比奇防具0106.cs；CSharpScripts/NPCs/比奇省/比奇城/首饰戒指0105.cs
结构化C#,页面标签,[@BUY],43,43,CSharpScripts/NPCs/比奇省/比奇城/彩票世旭0.cs；CSharpScripts/NPCs/比奇省/比奇城/督察官0.cs；CSharpScripts/NPCs/比奇省/比奇城/皇宫封印0122.cs
结构化C#,页面标签,[@SELL],42,38,CSharpScripts/NPCs/比奇省/比奇城/材料回收0.cs；CSharpScripts/NPCs/比奇省/比奇城/觉醒弟子0.cs；CSharpScripts/NPCs/比奇省/比奇城/肉店店员0.cs
结构化C#,页面标签,[@B1],23,23,CSharpScripts/NPCs/比奇省/比奇城/传送员经录0.cs；CSharpScripts/NPCs/比奇省/比奇城/传送员俊昊0.cs；CSharpScripts/NPCs/比奇省/比奇城/传送员暖石0.cs
结构化C#,页面标签,[@STORAGE],15,15,CSharpScripts/NPCs/比奇省/半兽古墓/仓库郑氏D002.cs；CSharpScripts/NPCs/比奇省/比奇城/东海旅馆店员0.cs；CSharpScripts/NPCs/比奇省/比奇城/客栈老板0125.cs
结构化C#,页面标签,[@ASK],14,14,CSharpScripts/NPCs/比奇省/比奇城/督察官0.cs；CSharpScripts/NPCs/比奇省/比奇城/杂货小贩0.cs；CSharpScripts/NPCs/道馆/道馆区域/杂货商人1007.cs
结构化C#,页面标签,[@地牢逃脱卷],12,12,CSharpScripts/NPCs/比奇省/比奇城/杂货小贩0.cs；CSharpScripts/NPCs/道馆/道馆区域/杂货商人1007.cs；CSharpScripts/NPCs/毒蛇山谷/村庄/杂货店2.cs
结构化C#,页面标签,[@回城卷],12,12,CSharpScripts/NPCs/比奇省/比奇城/杂货小贩0.cs；CSharpScripts/NPCs/道馆/道馆区域/杂货商人1007.cs；CSharpScripts/NPCs/毒蛇山谷/村庄/杂货店2.cs
结构化C#,页面标签,[@蜡烛],12,12,CSharpScripts/NPCs/比奇省/比奇城/杂货小贩0.cs；CSharpScripts/NPCs/道馆/道馆区域/杂货商人1007.cs；CSharpScripts/NPCs/毒蛇山谷/村庄/杂货店2.cs
结构化C#,页面标签,[@随机传送卷],12,12,CSharpScripts/NPCs/比奇省/比奇城/杂货小贩0.cs；CSharpScripts/NPCs/道馆/道馆区域/杂货商人1007.cs；CSharpScripts/NPCs/毒蛇山谷/村庄/杂货店2.cs
结构化C#,页面标签,[@修复油],12,12,CSharpScripts/NPCs/比奇省/比奇城/杂货小贩0.cs；CSharpScripts/NPCs/道馆/道馆区域/杂货商人1007.cs；CSharpScripts/NPCs/毒蛇山谷/村庄/杂货店2.cs
结构化C#,页面标签,[@CRAFT],12,12,CSharpScripts/NPCs/比奇省/比奇城/制造尚宫0.cs；CSharpScripts/NPCs/比奇省/边界村/制造尚宫0边界村.cs；CSharpScripts/NPCs/道馆/道馆区域/制造尚宫11.cs
结构化C#,页面标签,[@TELE],12,12,CSharpScripts/NPCs/比奇省/比奇城/传送员经录0.cs；CSharpScripts/NPCs/比奇省/比奇城/传送员俊昊0.cs；CSharpScripts/NPCs/比奇省/比奇城/传送员暖石0.cs
结构化C#,页面标签,[@SREPAIR],11,11,CSharpScripts/NPCs/比奇省/比奇城/铁匠姜氏0.cs；CSharpScripts/NPCs/夔龙城/城内/特修铁匠4.cs；CSharpScripts/NPCs/盟重省/沙巴克/特殊修理0151.cs
结构化C#,页面标签,[@COLLECTPARCEL],10,10,CSharpScripts/NPCs/比奇省/比奇城/客栈老板0125.cs；CSharpScripts/NPCs/比奇省/边界村/仓库保管0140.cs；CSharpScripts/NPCs/道馆/道馆区域/仓库保管11.cs
结构化C#,页面标签,[@MOVE1],10,10,CSharpScripts/NPCs/比奇省/比奇城/传送员经录0.cs；CSharpScripts/NPCs/比奇省/比奇城/传送员俊昊0.cs；CSharpScripts/NPCs/比奇省/比奇城/传送员暖石0.cs
结构化C#,页面标签,[@MOVE3],10,10,CSharpScripts/NPCs/比奇省/比奇城/传送员经录0.cs；CSharpScripts/NPCs/比奇省/比奇城/传送员俊昊0.cs；CSharpScripts/NPCs/比奇省/比奇城/传送员暖石0.cs
结构化C#,页面标签,[@SENDPARCEL],10,10,CSharpScripts/NPCs/比奇省/比奇城/客栈老板0125.cs；CSharpScripts/NPCs/比奇省/边界村/仓库保管0140.cs；CSharpScripts/NPCs/道馆/道馆区域/仓库保管11.cs
结构化C#,页面标签,[@MOVE2],9,9,CSharpScripts/NPCs/比奇省/比奇城/传送员经录0.cs；CSharpScripts/NPCs/比奇省/比奇城/传送员俊昊0.cs；CSharpScripts/NPCs/比奇省/比奇城/传送员暖石0.cs
结构化C#,页面标签,[@MOVE4],9,9,CSharpScripts/NPCs/比奇省/比奇城/传送员经录0.cs；CSharpScripts/NPCs/比奇省/比奇城/传送员俊昊0.cs；CSharpScripts/NPCs/比奇省/比奇城/传送员暖石0.cs
结构化C#,页面标签,[@MOVE5],9,9,CSharpScripts/NPCs/比奇省/比奇城/传送员经录0.cs；CSharpScripts/NPCs/比奇省/比奇城/传送员俊昊0.cs；CSharpScripts/NPCs/比奇省/比奇城/传送员暖石0.cs
结构化C#,页面标签,[@TALK],9,9,CSharpScripts/NPCs/比奇省/比奇城/比奇防具0106.cs；CSharpScripts/NPCs/比奇省/比奇城/彩票世旭0.cs；CSharpScripts/NPCs/比奇省/比奇城/酒馆招待.cs
结构化C#,页面标签,[@肉HELP],8,8,CSharpScripts/NPCs/比奇省/比奇城/肉店店员0.cs；CSharpScripts/NPCs/比奇省/比奇城/肉店老金0102.cs；CSharpScripts/NPCs/比奇省/边界村/肉店金氏-0.cs
结构化C#,页面标签,[@MEATHELP],8,8,CSharpScripts/NPCs/比奇省/比奇城/肉店店员0.cs；CSharpScripts/NPCs/比奇省/比奇城/肉店老金0102.cs；CSharpScripts/NPCs/比奇省/边界村/肉店金氏-0.cs
结构化C#,页面标签,[@CONSIGNMENT],7,7,CSharpScripts/NPCs/夔龙城/城内/拍卖商店4.cs；CSharpScripts/NPCs/盟重省/土城/委托商3.cs；CSharpScripts/NPCs/盟重省/土城/TrustMerchant3.cs
结构化C#,页面标签,[@HELPBOOKS],7,4,CSharpScripts/NPCs/比奇省/比奇城/书店老板0104.cs；CSharpScripts/NPCs/比奇省/边界村/书店道生0132.cs；CSharpScripts/NPCs/道馆/道馆区域/书店商人1004.cs
结构化C#,页面标签,[@MARKET],7,7,CSharpScripts/NPCs/夔龙城/城内/拍卖商店4.cs；CSharpScripts/NPCs/盟重省/土城/委托商3.cs；CSharpScripts/NPCs/盟重省/土城/TrustMerchant3.cs
结构化C#,页面标签,[@CONSIGN],6,6,CSharpScripts/NPCs/夔龙城/城内/拍卖商店4.cs；CSharpScripts/NPCs/盟重省/土城/委托商3.cs；CSharpScripts/NPCs/盟重省/土城/TrustMerchant3.cs
结构化C#,页面标签,[@MAIN-2],6,6,CSharpScripts/NPCs/比奇省/比奇城/公告牌0.cs；CSharpScripts/NPCs/比奇省/比奇城/皇宫封印0122.cs；CSharpScripts/NPCs/道馆/道馆区域/道馆馆主1002.cs
结构化C#,页面标签,[@CHECK2],5,5,CSharpScripts/NPCs/比奇省/比奇城/比奇防具0106.cs；CSharpScripts/NPCs/比奇省/比奇城/灵物管理0.cs；CSharpScripts/NPCs/道馆/道馆区域/道馆馆主1002.cs
结构化C#,页面标签,[@GBAR],5,5,CSharpScripts/NPCs/比奇省/比奇城/客栈老板0125.cs；CSharpScripts/NPCs/比奇省/边界村/仓库保管0140.cs；CSharpScripts/NPCs/夔龙城/城内/仓库保管.cs
结构化C#,页面标签,[@GBBUNDLE],5,5,CSharpScripts/NPCs/比奇省/比奇城/客栈老板0125.cs；CSharpScripts/NPCs/比奇省/边界村/仓库保管0140.cs；CSharpScripts/NPCs/夔龙城/城内/仓库保管.cs
结构化C#,页面标签,[@GCHEST],5,5,CSharpScripts/NPCs/比奇省/比奇城/客栈老板0125.cs；CSharpScripts/NPCs/比奇省/边界村/仓库保管0140.cs；CSharpScripts/NPCs/夔龙城/城内/仓库保管.cs
结构化C#,页面标签,[@GO],5,5,CSharpScripts/NPCs/比奇省/半兽古墓/远古神石D003.cs；CSharpScripts/NPCs/道馆/丛林迷宫/远古神石12.cs；CSharpScripts/NPCs/盟重省/任务特殊/远古神石D504.cs
结构化C#,页面标签,[@HELP],5,5,CSharpScripts/NPCs/夔龙城/城内/拍卖商店4.cs；CSharpScripts/NPCs/盟重省/土城/委托商3.cs；CSharpScripts/NPCs/盟重省/土城/TrustMerchant3.cs
结构化C#,页面标签,[@MAIN1-1],5,5,CSharpScripts/NPCs/比奇省/比奇城/比奇防具0106.cs；CSharpScripts/NPCs/比奇省/比奇城/彩票世旭0.cs；CSharpScripts/NPCs/比奇省/比奇城/灵物管理0.cs
结构化C#,页面标签,[@MAIN1-2],5,5,CSharpScripts/NPCs/比奇省/比奇城/比奇防具0106.cs；CSharpScripts/NPCs/比奇省/比奇城/彩票世旭0.cs；CSharpScripts/NPCs/比奇省/比奇城/灵物管理0.cs
结构化C#,页面标签,[@MBIND],5,5,CSharpScripts/NPCs/比奇省/比奇城/客栈老板0125.cs；CSharpScripts/NPCs/比奇省/边界村/仓库保管0140.cs；CSharpScripts/NPCs/夔龙城/城内/仓库保管.cs
结构化C#,页面标签,[@NEXT1],5,5,CSharpScripts/NPCs/道馆/道馆区域/道馆馆主1002.cs；CSharpScripts/NPCs/道馆/野外其他/季正D10061.cs；CSharpScripts/NPCs/盟重省/异秘洞/入门引导EBEE03.cs
结构化C#,页面标签,[@INFO],4,4,CSharpScripts/NPCs/比奇省/比奇城/客栈老板0125.cs；CSharpScripts/NPCs/比奇省/比奇城/庄园商人0.cs；CSharpScripts/NPCs/盟重省/土城/13Mgtm.cs
结构化C#,页面标签,[@NEXT2],4,4,CSharpScripts/NPCs/道馆/道馆区域/道馆馆主1002.cs；CSharpScripts/NPCs/道馆/野外其他/季正D10061.cs；CSharpScripts/NPCs/潘夜岛/潘夜仓库/村长半老B354.cs
结构化C#,页面标签,[@TAO1],4,4,CSharpScripts/NPCs/比奇省/比奇城/书店老板0104.cs；CSharpScripts/NPCs/比奇省/边界村/书店道生0132.cs；CSharpScripts/NPCs/道馆/道馆区域/书店商人1004.cs
结构化C#,页面标签,[@WAR1],4,4,CSharpScripts/NPCs/比奇省/比奇城/书店老板0104.cs；CSharpScripts/NPCs/比奇省/边界村/书店道生0132.cs；CSharpScripts/NPCs/道馆/道馆区域/书店商人1004.cs
结构化C#,页面标签,[@WIZ1],4,4,CSharpScripts/NPCs/比奇省/比奇城/书店老板0104.cs；CSharpScripts/NPCs/比奇省/边界村/书店道生0132.cs；CSharpScripts/NPCs/道馆/道馆区域/书店商人1004.cs
结构化C#,页面标签,[@AGITBUY],3,3,CSharpScripts/NPCs/比奇省/比奇城/庄园商人0.cs；CSharpScripts/NPCs/盟重省/土城/13Mgtm.cs；CSharpScripts/NPCs/潘夜岛/庄园商人5.cs
结构化C#,页面标签,[@AGITMOVE],3,3,CSharpScripts/NPCs/比奇省/比奇城/庄园商人0.cs；CSharpScripts/NPCs/盟重省/土城/13Mgtm.cs；CSharpScripts/NPCs/潘夜岛/庄园商人5.cs
结构化C#,页面标签,[@AGITREG],3,3,CSharpScripts/NPCs/比奇省/比奇城/庄园商人0.cs；CSharpScripts/NPCs/盟重省/土城/13Mgtm.cs；CSharpScripts/NPCs/潘夜岛/庄园商人5.cs
结构化C#,页面标签,[@AGITTRADE],3,3,CSharpScripts/NPCs/比奇省/比奇城/庄园商人0.cs；CSharpScripts/NPCs/盟重省/土城/13Mgtm.cs；CSharpScripts/NPCs/潘夜岛/庄园商人5.cs
结构化C#,页面标签,[@ARC1],3,3,CSharpScripts/NPCs/比奇省/比奇城/书店老板0104.cs；CSharpScripts/NPCs/比奇省/边界村/书店道生0132.cs；CSharpScripts/NPCs/雪白县/营地/雪白书商.cs
结构化C#,页面标签,[@ASSA1],3,3,CSharpScripts/NPCs/比奇省/比奇城/书店老板0104.cs；CSharpScripts/NPCs/比奇省/边界村/书店道生0132.cs；CSharpScripts/NPCs/雪白县/营地/雪白书商.cs
结构化C#,页面标签,[@BINGO],3,3,CSharpScripts/NPCs/比奇省/比奇城/彩票世旭0.cs；CSharpScripts/NPCs/盟重省/土城/9Mlo3.cs；CSharpScripts/NPCs/盟重省/土城/土城彩票3.cs
结构化C#,页面标签,[@BOOK],3,3,CSharpScripts/NPCs/道馆/道馆区域/公告牌匾11.cs；CSharpScripts/NPCs/盟重省/土城/公示牌3.cs；CSharpScripts/NPCs/盟重省/土城/Signpost3.cs
结构化C#,页面标签,[@MAIN-3],3,3,CSharpScripts/NPCs/比奇省/比奇城/皇宫封印0122.cs；CSharpScripts/NPCs/道馆/道馆区域/道馆馆主1002.cs；CSharpScripts/NPCs/道馆/道馆区域/道馆教头11.cs
结构化C#,页面标签,[@MANAGEHERO],3,3,CSharpScripts/NPCs/比奇省/比奇城/任务活动.cs；CSharpScripts/NPCs/系统英雄/英雄管理.cs；CSharpScripts/NPCs/游戏管理/管理英雄GM.cs
结构化C#,页面标签,[@MOVE],3,3,CSharpScripts/NPCs/比奇省/比奇城/庄园商人0.cs；CSharpScripts/NPCs/盟重省/土城/13Mgtm.cs；CSharpScripts/NPCs/潘夜岛/庄园商人5.cs
结构化C#,页面标签,[@MOVE6],3,3,CSharpScripts/NPCs/比奇省/比奇城/传送员经录0.cs；CSharpScripts/NPCs/比奇省/比奇城/传送员俊昊0.cs；CSharpScripts/NPCs/比奇省/比奇城/传送员暖石0.cs
结构化C#,页面标签,[@NEXT],3,3,CSharpScripts/NPCs/比奇省/比奇城/酒馆吴老头0101.cs；CSharpScripts/NPCs/道馆/道馆区域/道馆馆主1002.cs；CSharpScripts/NPCs/道馆/道馆区域/道馆教头11.cs
结构化C#,页面标签,[@NEXT3],3,3,CSharpScripts/NPCs/道馆/道馆区域/道馆馆主1002.cs；CSharpScripts/NPCs/道馆/野外其他/季正D10061.cs；CSharpScripts/NPCs/潘夜岛/潘夜仓库/村长半老B354.cs
结构化C#,页面标签,[@RENT],3,3,CSharpScripts/NPCs/比奇省/比奇城/庄园商人0.cs；CSharpScripts/NPCs/盟重省/土城/13Mgtm.cs；CSharpScripts/NPCs/潘夜岛/庄园商人5.cs
结构化C#,页面标签,[@REVIVEHERO],3,3,CSharpScripts/NPCs/比奇省/比奇城/任务活动.cs；CSharpScripts/NPCs/系统英雄/招募英雄.cs；CSharpScripts/NPCs/游戏管理/管理英雄GM.cs
结构化C#,页面标签,[@SEALHERO],3,3,CSharpScripts/NPCs/比奇省/比奇城/任务活动.cs；CSharpScripts/NPCs/系统英雄/英雄管理.cs；CSharpScripts/NPCs/游戏管理/管理英雄GM.cs
结构化C#,页面标签,[@TAO2],3,3,CSharpScripts/NPCs/比奇省/比奇城/书店老板0104.cs；CSharpScripts/NPCs/比奇省/边界村/书店道生0132.cs；CSharpScripts/NPCs/道馆/道馆区域/书店商人1004.cs
结构化C#,页面标签,[@TAO3],3,3,CSharpScripts/NPCs/比奇省/比奇城/书店老板0104.cs；CSharpScripts/NPCs/比奇省/边界村/书店道生0132.cs；CSharpScripts/NPCs/道馆/道馆区域/书店商人1004.cs
结构化C#,页面标签,[@TRADE],3,3,CSharpScripts/NPCs/比奇省/比奇城/庄园商人0.cs；CSharpScripts/NPCs/盟重省/土城/13Mgtm.cs；CSharpScripts/NPCs/潘夜岛/庄园商人5.cs
结构化C#,页面标签,[@WAR2],3,3,CSharpScripts/NPCs/比奇省/比奇城/书店老板0104.cs；CSharpScripts/NPCs/比奇省/边界村/书店道生0132.cs；CSharpScripts/NPCs/道馆/道馆区域/书店商人1004.cs
结构化C#,页面标签,[@WEAPON],3,3,CSharpScripts/NPCs/毒蛇山谷/村庄/公告牌2.cs；CSharpScripts/NPCs/盟重省/土城/公示牌3.cs；CSharpScripts/NPCs/盟重省/土城/Signpost3.cs
结构化C#,页面标签,[@WIZ2],3,3,CSharpScripts/NPCs/比奇省/比奇城/书店老板0104.cs；CSharpScripts/NPCs/比奇省/边界村/书店道生0132.cs；CSharpScripts/NPCs/道馆/道馆区域/书店商人1004.cs
结构化C#,页面标签,[@WIZ3],3,3,CSharpScripts/NPCs/比奇省/比奇城/书店老板0104.cs；CSharpScripts/NPCs/比奇省/边界村/书店道生0132.cs；CSharpScripts/NPCs/道馆/道馆区域/书店商人1004.cs
结构化C#,页面标签,[@ACCESS],2,2,CSharpScripts/NPCs/盟重省/土城/公示牌3.cs；CSharpScripts/NPCs/盟重省/土城/Signpost3.cs
结构化C#,页面标签,[@ARC2],2,2,CSharpScripts/NPCs/比奇省/比奇城/书店老板0104.cs；CSharpScripts/NPCs/比奇省/边界村/书店道生0132.cs
结构化C#,页面标签,[@ARC3],2,2,CSharpScripts/NPCs/比奇省/比奇城/书店老板0104.cs；CSharpScripts/NPCs/比奇省/边界村/书店道生0132.cs
结构化C#,页面标签,[@ARMOUR],2,2,CSharpScripts/NPCs/盟重省/土城/公示牌3.cs；CSharpScripts/NPCs/盟重省/土城/Signpost3.cs
结构化C#,页面标签,[@ASK1],2,2,CSharpScripts/NPCs/潘夜岛/潘夜仓库/村长半老B354.cs；CSharpScripts/NPCs/潘夜岛/巡视员5.cs
结构化C#,页面标签,[@ASK2],2,2,CSharpScripts/NPCs/潘夜岛/潘夜仓库/村长半老B354.cs；CSharpScripts/NPCs/潘夜岛/巡视员5.cs
结构化C#,页面标签,[@ASSA2],2,2,CSharpScripts/NPCs/比奇省/比奇城/书店老板0104.cs；CSharpScripts/NPCs/比奇省/边界村/书店道生0132.cs
结构化C#,页面标签,[@BRDMOVE],2,2,CSharpScripts/NPCs/比奇省/边界村/水手0.cs；CSharpScripts/NPCs/潘夜岛/水手5.cs
结构化C#,页面标签,[@BUYSELLNEW],2,2,CSharpScripts/NPCs/系统英雄/英雄管理.cs；CSharpScripts/NPCs/游戏管理/管理英雄GM.cs
结构化C#,页面标签,[@CLOTH],2,2,CSharpScripts/NPCs/道馆/道馆区域/公告牌匾11.cs；CSharpScripts/NPCs/潘夜岛/潘夜向导5.cs
结构化C#,页面标签,[@CREATEGUILD],2,2,CSharpScripts/NPCs/比奇省/比奇城/比奇城主0122.cs；CSharpScripts/NPCs/游戏管理/管理综合GM.cs
结构化C#,页面标签,[@CREATEHERO],2,2,CSharpScripts/NPCs/系统英雄/招募英雄.cs；CSharpScripts/NPCs/游戏管理/管理英雄GM.cs
结构化C#,页面标签,[@DHTELE],2,2,CSharpScripts/NPCs/关外地区/地狱道3层/地狱船夫.cs；CSharpScripts/NPCs/关外地区/地狱道3层/地狱鬼魂.cs
结构化C#,页面标签,[@DISASSEMBLE],2,2,CSharpScripts/NPCs/比奇省/比奇城/觉醒大师0.cs；CSharpScripts/NPCs/比奇省/比奇城/觉醒弟子0.cs
结构化C#,页面标签,[@EMPEROR],2,2,CSharpScripts/NPCs/比奇省/比奇城/比奇防具0106.cs；CSharpScripts/NPCs/比奇省/比奇城/彩票世旭0.cs
结构化C#,页面标签,[@GO-ACCESS],2,2,CSharpScripts/NPCs/比奇省/比奇城/比奇城向导0.cs；CSharpScripts/NPCs/雪白县/营地/雪白向导.cs
结构化C#,页面标签,[@GO-BOOK],2,2,CSharpScripts/NPCs/比奇省/比奇城/比奇城向导0.cs；CSharpScripts/NPCs/雪白县/营地/雪白向导.cs
结构化C#,页面标签,[@GO-CLOTH],2,2,CSharpScripts/NPCs/比奇省/比奇城/比奇城向导0.cs；CSharpScripts/NPCs/雪白县/营地/雪白向导.cs
结构化C#,页面标签,[@GO-POT],2,2,CSharpScripts/NPCs/比奇省/比奇城/比奇城向导0.cs；CSharpScripts/NPCs/雪白县/营地/雪白向导.cs
结构化C#,页面标签,[@GO-WEAP],2,2,CSharpScripts/NPCs/比奇省/比奇城/比奇城向导0.cs；CSharpScripts/NPCs/雪白县/营地/雪白向导.cs
结构化C#,页面标签,[@GOBIQI],2,2,CSharpScripts/NPCs/昆仑/昆仑城/比奇基石AGonRyun.cs；CSharpScripts/NPCs/昆仑/昆仑城/比奇基石BGonRyun.cs
结构化C#,页面标签,[@GOSD_KINGR],2,2,CSharpScripts/NPCs/昆仑/昆仑野外/谷底公告牌SDFront.cs；CSharpScripts/NPCs/昆仑/三清道场/古代遗骨SD_Cem30.cs
结构化C#,页面标签,[@GUWAI12],2,2,CSharpScripts/NPCs/道馆/丛林迷宫/迷宫光柱12.cs；CSharpScripts/NPCs/道馆/月之古/谷一石柱gumi101.cs
结构化C#,页面标签,[@INFORMATION],2,2,CSharpScripts/NPCs/比奇省/比奇城/客栈老板0125.cs；CSharpScripts/NPCs/比奇省/比奇城/书店老板0104.cs
结构化C#,页面标签,[@JEWEL],2,2,CSharpScripts/NPCs/道馆/道馆区域/公告牌匾11.cs；CSharpScripts/NPCs/潘夜岛/潘夜向导5.cs
结构化C#,页面标签,[@MAIN1-3],2,2,CSharpScripts/NPCs/比奇省/比奇城/比奇防具0106.cs；CSharpScripts/NPCs/比奇省/比奇城/灵物管理0.cs
结构化C#,页面标签,[@MOVE0],2,2,CSharpScripts/NPCs/道馆/道馆区域/道馆传送11.cs；CSharpScripts/NPCs/夔龙城/城内/城际传送4.cs
结构化C#,页面标签,[@NEXT4],2,2,CSharpScripts/NPCs/道馆/道馆区域/道馆馆主1002.cs；CSharpScripts/NPCs/潘夜岛/潘夜仓库/村长半老B354.cs
结构化C#,页面标签,[@NEXT5],2,2,CSharpScripts/NPCs/道馆/道馆区域/道馆馆主1002.cs；CSharpScripts/NPCs/潘夜岛/潘夜仓库/村长半老B354.cs
结构化C#,页面标签,[@NEXT6],2,2,CSharpScripts/NPCs/道馆/道馆区域/道馆馆主1002.cs；CSharpScripts/NPCs/潘夜岛/潘夜仓库/村长半老B354.cs
结构化C#,页面标签,[@NEXT7],2,2,CSharpScripts/NPCs/道馆/道馆区域/道馆馆主1002.cs；CSharpScripts/NPCs/潘夜岛/潘夜仓库/村长半老B354.cs
结构化C#,页面标签,[@NEXT8],2,2,CSharpScripts/NPCs/道馆/道馆区域/道馆馆主1002.cs；CSharpScripts/NPCs/潘夜岛/潘夜仓库/村长半老B354.cs
结构化C#,页面标签,[@PEARLBUY],2,2,CSharpScripts/NPCs/比奇省/比奇城/灵物管理0.cs；CSharpScripts/NPCs/比奇省/比奇城/珍珠店员0101.cs
结构化C#,页面标签,[@POT],2,2,CSharpScripts/NPCs/道馆/道馆区域/公告牌匾11.cs；CSharpScripts/NPCs/潘夜岛/潘夜向导5.cs
结构化C#,页面标签,[@QUEST1],2,2,CSharpScripts/NPCs/道馆/道馆区域/道馆馆主1002.cs；CSharpScripts/NPCs/道馆/野外其他/季正D10061.cs
结构化C#,页面标签,[@QUEST2],2,2,CSharpScripts/NPCs/道馆/道馆区域/道馆馆主1002.cs；CSharpScripts/NPCs/道馆/野外其他/季正D10061.cs
结构化C#,页面标签,[@REFINE],2,2,CSharpScripts/NPCs/夔龙城/城内/制造尚宫4.cs；CSharpScripts/NPCs/盟重省/沙巴克/装备升级0151.cs
结构化C#,页面标签,[@STORE],2,2,CSharpScripts/NPCs/盟重省/土城/公示牌3.cs；CSharpScripts/NPCs/盟重省/土城/Signpost3.cs
结构化C#,页面标签,[@WEAP],2,2,CSharpScripts/NPCs/道馆/道馆区域/公告牌匾11.cs；CSharpScripts/NPCs/潘夜岛/潘夜向导5.cs
结构化C#,页面标签,[@ZZDGTELE],2,2,CSharpScripts/NPCs/雪白县/冰川/巴托尔.cs；CSharpScripts/NPCs/雪白县/冰川/马库尔.cs
结构化C#,页面标签,[@15],1,1,CSharpScripts/NPCs/比奇省/比奇城/游戏向导0.cs
结构化C#,页面标签,[@25-1],1,1,CSharpScripts/NPCs/比奇省/比奇城/游戏向导0.cs
结构化C#,页面标签,[@25-11],1,1,CSharpScripts/NPCs/比奇省/比奇城/游戏向导0.cs
结构化C#,页面标签,[@25-12],1,1,CSharpScripts/NPCs/比奇省/比奇城/游戏向导0.cs
结构化C#,页面标签,[@25-CHECK],1,1,CSharpScripts/NPCs/比奇省/比奇城/游戏向导0.cs
结构化C#,页面标签,[@25],1,1,CSharpScripts/NPCs/比奇省/比奇城/游戏向导0.cs
结构化C#,页面标签,[@30],1,1,CSharpScripts/NPCs/比奇省/比奇城/游戏向导0.cs
结构化C#,页面标签,[@35],1,1,CSharpScripts/NPCs/比奇省/比奇城/游戏向导0.cs
结构化C#,页面标签,[@35BUFF],1,1,CSharpScripts/NPCs/比奇省/比奇城/游戏向导0.cs
结构化C#,页面标签,[@35BUFFGET],1,1,CSharpScripts/NPCs/比奇省/比奇城/游戏向导0.cs
结构化C#,页面标签,[@35GET],1,1,CSharpScripts/NPCs/比奇省/比奇城/游戏向导0.cs
结构化C#,页面标签,[@40],1,1,CSharpScripts/NPCs/比奇省/比奇城/游戏向导0.cs
结构化C#,页面标签,[@5],1,1,CSharpScripts/NPCs/比奇省/比奇城/游戏向导0.cs
结构化C#,页面标签,[@撤销行会名],1,1,CSharpScripts/NPCs/比奇省/比奇城/公告牌0.cs
结构化C#,页面标签,[@定时返回],1,1,CSharpScripts/NPCs/比奇省/比奇城/任务活动.cs
结构化C#,页面标签,[@计时器],1,1,CSharpScripts/NPCs/比奇省/比奇城/任务活动.cs
结构化C#,页面标签,[@检测行会列表],1,1,CSharpScripts/NPCs/比奇省/比奇城/公告牌0.cs
结构化C#,页面标签,[@离开行会],1,1,CSharpScripts/NPCs/比奇省/比奇城/公告牌0.cs
结构化C#,页面标签,[@申请入会],1,1,CSharpScripts/NPCs/比奇省/比奇城/公告牌0.cs
结构化C#,页面标签,[@注册行会名],1,1,CSharpScripts/NPCs/比奇省/比奇城/公告牌0.cs
结构化C#,页面标签,[@AC1],1,1,CSharpScripts/NPCs/比奇省/比奇城/月饼采购员0.cs
结构化C#,页面标签,[@AC2],1,1,CSharpScripts/NPCs/比奇省/比奇城/月饼采购员0.cs
结构化C#,页面标签,[@ADDSTORAGE],1,1,CSharpScripts/NPCs/比奇省/比奇城/任务活动.cs
结构化C#,页面标签,[@AMC1],1,1,CSharpScripts/NPCs/比奇省/比奇城/月饼采购员0.cs
结构化C#,页面标签,[@AMC2],1,1,CSharpScripts/NPCs/比奇省/比奇城/月饼采购员0.cs
结构化C#,页面标签,[@AOC],1,1,CSharpScripts/NPCs/比奇省/比奇城/远古使者0.cs
结构化C#,页面标签,[@APC],1,1,CSharpScripts/NPCs/比奇省/比奇城/远古使者0.cs
结构化C#,页面标签,[@ARCHER],1,1,CSharpScripts/NPCs/游戏管理/管理技能GM.cs
结构化C#,页面标签,[@ASK3],1,1,CSharpScripts/NPCs/潘夜岛/潘夜仓库/村长半老B354.cs
结构化C#,页面标签,[@ASSASSIN],1,1,CSharpScripts/NPCs/游戏管理/管理技能GM.cs
结构化C#,页面标签,[@AST],1,1,CSharpScripts/NPCs/比奇省/比奇城/远古使者0.cs
结构化C#,页面标签,[@AWAKENING],1,1,CSharpScripts/NPCs/比奇省/比奇城/觉醒大师0.cs
结构化C#,页面标签,[@AWT],1,1,CSharpScripts/NPCs/比奇省/比奇城/远古使者0.cs
结构化C#,页面标签,[@AYG],1,1,CSharpScripts/NPCs/比奇省/比奇城/远古使者0.cs
结构化C#,页面标签,[@AZT],1,1,CSharpScripts/NPCs/比奇省/比奇城/远古使者0.cs
结构化C#,页面标签,[@BEFORE1],1,1,CSharpScripts/NPCs/比奇省/比奇城/酒馆招待.cs
结构化C#,页面标签,[@BLCKJZ],1,1,CSharpScripts/NPCs/雪白县/营地/周律.cs
结构化C#,页面标签,[@BLCKSZ],1,1,CSharpScripts/NPCs/雪白县/营地/周律.cs
结构化C#,页面标签,[@BLCKXL],1,1,CSharpScripts/NPCs/雪白县/营地/周律.cs
结构化C#,页面标签,[@BLDSJZ],1,1,CSharpScripts/NPCs/雪白县/营地/周律.cs
结构化C#,页面标签,[@BLDSSZ],1,1,CSharpScripts/NPCs/雪白县/营地/周律.cs
结构化C#,页面标签,[@BLDSXL],1,1,CSharpScripts/NPCs/雪白县/营地/周律.cs
结构化C#,页面标签,[@BLFSJZ],1,1,CSharpScripts/NPCs/雪白县/营地/周律.cs
结构化C#,页面标签,[@BLFSSZ],1,1,CSharpScripts/NPCs/雪白县/营地/周律.cs
结构化C#,页面标签,[@BLFSXL],1,1,CSharpScripts/NPCs/雪白县/营地/周律.cs
结构化C#,页面标签,[@BLGJJZ],1,1,CSharpScripts/NPCs/雪白县/营地/周律.cs
结构化C#,页面标签,[@BLGJSZ],1,1,CSharpScripts/NPCs/雪白县/营地/周律.cs
结构化C#,页面标签,[@BLGJXL],1,1,CSharpScripts/NPCs/雪白县/营地/周律.cs
结构化C#,页面标签,[@BLSS-INTRODUCE],1,1,CSharpScripts/NPCs/雪白县/营地/周律.cs
结构化C#,页面标签,[@BLSS-MAKE],1,1,CSharpScripts/NPCs/雪白县/营地/周律.cs
结构化C#,页面标签,[@BLZSJZ],1,1,CSharpScripts/NPCs/雪白县/营地/周律.cs
结构化C#,页面标签,[@BLZSSZ],1,1,CSharpScripts/NPCs/雪白县/营地/周律.cs
结构化C#,页面标签,[@BLZSXL],1,1,CSharpScripts/NPCs/雪白县/营地/周律.cs
结构化C#,页面标签,[@BRIBE],1,1,CSharpScripts/NPCs/比奇省/比奇城/皇宫副官0.cs
结构化C#,页面标签,[@BUFFNEW],1,1,CSharpScripts/NPCs/比奇省/比奇城/任务活动.cs
结构化C#,页面标签,[@BUILDGUILDEXP],1,1,CSharpScripts/NPCs/比奇省/比奇城/比奇城主0122.cs
结构化C#,页面标签,[@BUYSTONE],1,1,CSharpScripts/NPCs/潘夜岛/时光老人5.cs
结构化C#,页面标签,[@BUYSTONENOW],1,1,CSharpScripts/NPCs/潘夜岛/时光老人5.cs
结构化C#,页面标签,[@CARNATION],1,1,CSharpScripts/NPCs/游戏活动/卖花壮氏.cs
结构化C#,页面标签,[@CDRSTORAGE],1,1,CSharpScripts/NPCs/比奇省/比奇城/任务活动.cs
结构化C#,页面标签,[@CHALLENGE1],1,1,CSharpScripts/NPCs/比奇省/比奇城/酒馆吴老头0101.cs
结构化C#,页面标签,[@CHALLENGE2],1,1,CSharpScripts/NPCs/比奇省/比奇城/酒馆吴老头0101.cs
结构化C#,页面标签,[@CHECK1],1,1,CSharpScripts/NPCs/道馆/道馆区域/道馆馆主1002.cs
结构化C#,页面标签,[@CHECKLEVEL],1,1,CSharpScripts/NPCs/游戏管理/管理综合GM.cs
结构化C#,页面标签,[@CHECKPASS2],1,1,CSharpScripts/NPCs/比奇省/比奇城/远古使者0.cs
结构化C#,页面标签,[@CHECKPASS3],1,1,CSharpScripts/NPCs/比奇省/比奇城/远古使者0.cs
结构化C#,页面标签,[@CHECKPASS4],1,1,CSharpScripts/NPCs/比奇省/比奇城/远古使者0.cs
结构化C#,页面标签,[@CHECKSTONE],1,1,CSharpScripts/NPCs/盟重省/任务特殊/远古神石D715.cs
结构化C#,页面标签,[@CHIEF],1,1,CSharpScripts/NPCs/潘夜岛/潘夜向导5.cs
结构化C#,页面标签,[@CHUANGJ],1,1,CSharpScripts/NPCs/昆仑/秘密书库/飞燕嘉文InDun_SD_SecR_1.cs
结构化C#,页面标签,[@CLBZ],1,1,CSharpScripts/NPCs/雪白县/营地/周律.cs
结构化C#,页面标签,[@CLOSEMAINDOOR],1,1,CSharpScripts/NPCs/盟重省/沙巴克/沙城管理0150.cs
结构化C#,页面标签,[@CONSIGNHELP],1,1,CSharpScripts/NPCs/系统拍卖/拍卖委托.cs
结构化C#,页面标签,[@CREATEGUILDCHECK],1,1,CSharpScripts/NPCs/游戏管理/管理综合GM.cs
结构化C#,页面标签,[@CSFUBEN],1,1,CSharpScripts/NPCs/昆仑/秘密书库/飞燕嘉文InDun_SD_SecR_1.cs
结构化C#,页面标签,[@CSMAP],1,1,CSharpScripts/NPCs/比奇省/比奇城/任务活动.cs
结构化C#,页面标签,[@CYDMOVE],1,1,CSharpScripts/NPCs/片木岛/片木岛船员peunmokdo.cs
结构化C#,页面标签,[@DC1],1,1,CSharpScripts/NPCs/比奇省/比奇城/月饼采购员0.cs
结构化C#,页面标签,[@DC2],1,1,CSharpScripts/NPCs/比奇省/比奇城/月饼采购员0.cs
结构化C#,页面标签,[@DELETEHERO],1,1,CSharpScripts/NPCs/游戏管理/管理英雄GM.cs
结构化C#,页面标签,[@DENEY],1,1,CSharpScripts/NPCs/道馆/道馆区域/道馆教头11.cs
结构化C#,页面标签,[@DH],1,1,CSharpScripts/NPCs/比奇省/比奇城/月饼采购员0.cs
结构化C#,页面标签,[@DH2],1,1,CSharpScripts/NPCs/比奇省/比奇城/月饼采购员0.cs
结构化C#,页面标签,[@DONATE],1,1,CSharpScripts/NPCs/比奇省/比奇城/比奇城主0122.cs
结构化C#,页面标签,[@DOWNGRADE],1,1,CSharpScripts/NPCs/比奇省/比奇城/觉醒弟子0.cs
结构化C#,页面标签,[@ELITEBOSS],1,1,CSharpScripts/NPCs/游戏活动/满月颓废君.cs
结构化C#,页面标签,[@ELITEBOSSE1],1,1,CSharpScripts/NPCs/游戏活动/满月颓废君.cs
结构化C#,页面标签,[@ELITEBOSSE2],1,1,CSharpScripts/NPCs/游戏活动/满月颓废君.cs
结构化C#,页面标签,[@ELITEBOSSE3],1,1,CSharpScripts/NPCs/游戏活动/满月颓废君.cs
结构化C#,页面标签,[@ELITEBOSSE4],1,1,CSharpScripts/NPCs/游戏活动/满月颓废君.cs
结构化C#,页面标签,[@ELITEBOSSE5],1,1,CSharpScripts/NPCs/游戏活动/满月颓废君.cs
结构化C#,页面标签,[@ELITEBOSSE6],1,1,CSharpScripts/NPCs/游戏活动/满月颓废君.cs
结构化C#,页面标签,[@ELITEBOSSSCHECKRESULT],1,1,CSharpScripts/NPCs/游戏活动/满月颓废君.cs
结构化C#,页面标签,[@ELITEBOSSSTART],1,1,CSharpScripts/NPCs/游戏活动/满月颓废君.cs
结构化C#,页面标签,[@EMSJSHOP],1,1,CSharpScripts/NPCs/昆仑/秘密书库/研究员摩鲁InDun_SD_SecR_1.cs
结构化C#,页面标签,[@ENTER],1,1,CSharpScripts/NPCs/毒蛇山谷/任务特殊/骷髅残骸D4221.cs
结构化C#,页面标签,[@EVENTMANAGMENT],1,1,CSharpScripts/NPCs/游戏管理/管理综合GM.cs
结构化C#,页面标签,[@EXCHANGE4161HASJ],1,1,CSharpScripts/NPCs/昆仑/秘密书库/研究员摩鲁InDun_SD_SecR_1.cs
结构化C#,页面标签,[@EXCHANGE4161SKSP],1,1,CSharpScripts/NPCs/昆仑/秘密书库/研究员摩鲁InDun_SD_SecR_1.cs
结构化C#,页面标签,[@EXCHANGE4541HASJ],1,1,CSharpScripts/NPCs/昆仑/秘密书库/研究员摩鲁InDun_SD_SecR_1.cs
结构化C#,页面标签,[@EXCHANGE4541SKSP],1,1,CSharpScripts/NPCs/昆仑/秘密书库/研究员摩鲁InDun_SD_SecR_1.cs
结构化C#,页面标签,[@EXCHANGE4558HASJ],1,1,CSharpScripts/NPCs/昆仑/秘密书库/研究员摩鲁InDun_SD_SecR_1.cs
结构化C#,页面标签,[@EXCHANGE4558SKSP],1,1,CSharpScripts/NPCs/昆仑/秘密书库/研究员摩鲁InDun_SD_SecR_1.cs
结构化C#,页面标签,[@EXCHANGE4564HASJ],1,1,CSharpScripts/NPCs/昆仑/秘密书库/研究员摩鲁InDun_SD_SecR_1.cs
结构化C#,页面标签,[@EXCHANGE4564SKSP],1,1,CSharpScripts/NPCs/昆仑/秘密书库/研究员摩鲁InDun_SD_SecR_1.cs
结构化C#,页面标签,[@EXCHANGE4565HASJ],1,1,CSharpScripts/NPCs/昆仑/秘密书库/研究员摩鲁InDun_SD_SecR_1.cs
结构化C#,页面标签,[@EXCHANGE4565SKSP],1,1,CSharpScripts/NPCs/昆仑/秘密书库/研究员摩鲁InDun_SD_SecR_1.cs
结构化C#,页面标签,[@EXCHANGE4566HASJ],1,1,CSharpScripts/NPCs/昆仑/秘密书库/研究员摩鲁InDun_SD_SecR_1.cs
结构化C#,页面标签,[@EXCHANGE4566SKSP],1,1,CSharpScripts/NPCs/昆仑/秘密书库/研究员摩鲁InDun_SD_SecR_1.cs
结构化C#,页面标签,[@EXCHANGE4570HASJ],1,1,CSharpScripts/NPCs/昆仑/秘密书库/研究员摩鲁InDun_SD_SecR_1.cs
结构化C#,页面标签,[@EXCHANGE4570SKSP],1,1,CSharpScripts/NPCs/昆仑/秘密书库/研究员摩鲁InDun_SD_SecR_1.cs
结构化C#,页面标签,[@EXCHANGEJHWSX],1,1,CSharpScripts/NPCs/游戏活动/爱心兔子.cs
结构化C#,页面标签,[@EXCHANGELONGBUFF],1,1,CSharpScripts/NPCs/游戏活动/雕刻师德勋.cs
结构化C#,页面标签,[@EXCHANGEVOUCHER],1,1,CSharpScripts/NPCs/潘夜岛/满月真君5.cs
结构化C#,页面标签,[@EXCHANGEWCY],1,1,CSharpScripts/NPCs/游戏活动/雕刻师德勋.cs
结构化C#,页面标签,[@EXITLIBRARY],1,1,CSharpScripts/NPCs/昆仑/秘密书库/研究员摩鲁InDun_SD_SecR_1.cs
结构化C#,页面标签,[@FACILITYMAINTENANCE],1,1,CSharpScripts/NPCs/盟重省/沙巴克/沙城管理0150.cs
结构化C#,页面标签,[@FOOL],1,1,CSharpScripts/NPCs/比奇省/比奇城/酒馆招待.cs
结构化C#,页面标签,[@FXGGA0],1,1,CSharpScripts/NPCs/比奇省/比奇城/美发店0107.cs
结构化C#,页面标签,[@FXGGA1],1,1,CSharpScripts/NPCs/比奇省/比奇城/美发店0107.cs
结构化C#,页面标签,[@FXGGA2],1,1,CSharpScripts/NPCs/比奇省/比奇城/美发店0107.cs
结构化C#,页面标签,[@FXGGA3],1,1,CSharpScripts/NPCs/比奇省/比奇城/美发店0107.cs
结构化C#,页面标签,[@FXGGA4],1,1,CSharpScripts/NPCs/比奇省/比奇城/美发店0107.cs
结构化C#,页面标签,[@FXGGA5],1,1,CSharpScripts/NPCs/比奇省/比奇城/美发店0107.cs
结构化C#,页面标签,[@FXGGA6],1,1,CSharpScripts/NPCs/比奇省/比奇城/美发店0107.cs
结构化C#,页面标签,[@FXGGA7],1,1,CSharpScripts/NPCs/比奇省/比奇城/美发店0107.cs
结构化C#,页面标签,[@FXGGA8],1,1,CSharpScripts/NPCs/比奇省/比奇城/美发店0107.cs
结构化C#,页面标签,[@GIVEHORN],1,1,CSharpScripts/NPCs/游戏管理/管理综合GM.cs
结构化C#,页面标签,[@GO-美发],1,1,CSharpScripts/NPCs/比奇省/比奇城/比奇城向导0.cs
结构化C#,页面标签,[@GO-肉],1,1,CSharpScripts/NPCs/比奇省/比奇城/比奇城向导0.cs
结构化C#,页面标签,[@GO-INN],1,1,CSharpScripts/NPCs/比奇省/比奇城/比奇城向导0.cs
结构化C#,页面标签,[@GO-MERCHANT],1,1,CSharpScripts/NPCs/比奇省/比奇城/比奇城向导0.cs
结构化C#,页面标签,[@GO-PALACE],1,1,CSharpScripts/NPCs/比奇省/比奇城/比奇城向导0.cs
结构化C#,页面标签,[@GO-STATUES],1,1,CSharpScripts/NPCs/比奇省/比奇城/比奇城向导0.cs
结构化C#,页面标签,[@GO-STORAGE],1,1,CSharpScripts/NPCs/雪白县/营地/雪白向导.cs
结构化C#,页面标签,[@GO-TAVERN],1,1,CSharpScripts/NPCs/比奇省/比奇城/比奇城向导0.cs
结构化C#,页面标签,[@GO-YWBC],1,1,CSharpScripts/NPCs/雪白县/营地/雪白向导.cs
结构化C#,页面标签,[@GO-YWSCGL],1,1,CSharpScripts/NPCs/雪白县/营地/雪白向导.cs
结构化C#,页面标签,[@GO-YWXRDK],1,1,CSharpScripts/NPCs/雪白县/营地/雪白向导.cs
结构化C#,页面标签,[@GO-YWYJ],1,1,CSharpScripts/NPCs/雪白县/营地/雪白向导.cs
结构化C#,页面标签,[@GOD0231],1,1,CSharpScripts/NPCs/沃玛森林/沃玛寺庙/远古神石D023.cs
结构化C#,页面标签,[@GODOGYOARENA2],1,1,CSharpScripts/NPCs/昆仑/毒妖林/塔什DogYoLym.cs
结构化C#,页面标签,[@GODOGYOLYM],1,1,CSharpScripts/NPCs/昆仑/毒妖村/塔什.cs
结构化C#,页面标签,[@GOGONRYUN],1,1,CSharpScripts/NPCs/比奇省/野外/昆仑比奇石0.cs
结构化C#,页面标签,[@GOINDUN_02DOGYOARENA],1,1,CSharpScripts/NPCs/昆仑/毒妖林/塔什DogYoLym.cs
结构化C#,页面标签,[@GOLIBRARY],1,1,CSharpScripts/NPCs/昆仑/昆仑野外/研究员摩鲁SDFront.cs
结构化C#,页面标签,[@GOSNAKEPRE2],1,1,CSharpScripts/NPCs/毒蛇山谷/龙蛇川/封印之井LABYROOM.cs
结构化C#,页面标签,[@GOWAI12],1,1,CSharpScripts/NPCs/道馆/古月之谷/古谷一石柱gumi1011.cs
结构化C#,页面标签,[@GUILDWAR2],1,1,CSharpScripts/NPCs/比奇省/比奇城/比奇城主0122.cs
结构化C#,页面标签,[@GUILDWAREXP],1,1,CSharpScripts/NPCs/比奇省/比奇城/比奇城主0122.cs
结构化C#,页面标签,[@GUILDWAREXP]],1,1,CSharpScripts/NPCs/比奇省/比奇城/比奇城主0122.cs
结构化C#,页面标签,[@GUWAI102],1,1,CSharpScripts/NPCs/道馆/月之古/左室石柱gumi201.cs
结构化C#,页面标签,[@GUWAI1021],1,1,CSharpScripts/NPCs/道馆/古月之谷/古左室石柱gumi2011.cs
结构化C#,页面标签,[@GUZWAI201],1,1,CSharpScripts/NPCs/道馆/月之古/谷二光柱gumi102.cs
结构化C#,页面标签,[@GUZWAI2011],1,1,CSharpScripts/NPCs/道馆/古月之谷/古谷二光柱gumi1021.cs
结构化C#,页面标签,[@HEAR],1,1,CSharpScripts/NPCs/道馆/道馆区域/道馆馆主1002.cs
结构化C#,页面标签,[@HH1],1,1,CSharpScripts/NPCs/比奇省/比奇城/月饼采购员0.cs
结构化C#,页面标签,[@HH2],1,1,CSharpScripts/NPCs/比奇省/比奇城/月饼采购员0.cs
结构化C#,页面标签,[@HIREARCHERS],1,1,CSharpScripts/NPCs/盟重省/沙巴克/沙城管理0150.cs
结构化C#,页面标签,[@HISTORYWITHLIBRARY],1,1,CSharpScripts/NPCs/昆仑/秘密书库/研究员摩鲁InDun_SD_SecR_1.cs
结构化C#,页面标签,[@HJSELLNEW],1,1,CSharpScripts/NPCs/比奇省/比奇城/皇宫封印0122.cs
结构化C#,页面标签,[@ICEDRAGON_HIDE_1],1,1,CSharpScripts/NPCs/雪白县/支柱宫/队长塔米尔iceland_DOWN_WAIT.cs
结构化C#,页面标签,[@INFO1],1,1,CSharpScripts/NPCs/比奇省/比奇城/酒馆吴老头0101.cs
结构化C#,页面标签,[@INFO2],1,1,CSharpScripts/NPCs/比奇省/比奇城/酒馆吴老头0101.cs
结构化C#,页面标签,[@INFO3],1,1,CSharpScripts/NPCs/比奇省/比奇城/酒馆吴老头0101.cs
结构化C#,页面标签,[@JBDHRCJ],1,1,CSharpScripts/NPCs/夔龙城/酷寒洞窟/清凉活动4.cs
结构化C#,页面标签,[@JINRUFUB],1,1,CSharpScripts/NPCs/昆仑/秘密书库/飞燕嘉文InDun_SD_SecR_1.cs
结构化C#,页面标签,[@JRFUBEN],1,1,CSharpScripts/NPCs/昆仑/秘密书库/研究员摩鲁InDun_SD_SecR_1.cs
结构化C#,页面标签,[@JX],1,1,CSharpScripts/NPCs/比奇省/比奇城/月饼采购员0.cs
结构化C#,页面标签,[@KAOYAN],1,1,CSharpScripts/NPCs/道馆/野外其他/季正D10061.cs
结构化C#,页面标签,[@KDHRCJ],1,1,CSharpScripts/NPCs/夔龙城/酷寒洞窟/清凉活动4.cs
结构化C#,页面标签,[@KDHZFY],1,1,CSharpScripts/NPCs/夔龙城/酷寒洞窟/清凉活动4.cs
结构化C#,页面标签,[@KHDKXJ],1,1,CSharpScripts/NPCs/夔龙城/酷寒洞窟/清凉活动4.cs
结构化C#,页面标签,[@KILLPETS],1,1,CSharpScripts/NPCs/游戏管理/管理综合GM.cs
结构化C#,页面标签,[@KLLMZMEN],1,1,CSharpScripts/NPCs/昆仑/昆仑城/昆仑堂主GonRyun.cs
结构化C#,页面标签,[@LANG],1,1,CSharpScripts/NPCs/比奇省/比奇城/酒馆招待.cs
结构化C#,页面标签,[@LEVEL40],1,1,CSharpScripts/NPCs/潘夜岛/时空之石5.cs
结构化C#,页面标签,[@LISTEN],1,1,CSharpScripts/NPCs/比奇省/比奇城/武器商店0103.cs
结构化C#,页面标签,[@LONGBUFFAC],1,1,CSharpScripts/NPCs/游戏活动/雕刻师德勋.cs
结构化C#,页面标签,[@LONGBUFFDC],1,1,CSharpScripts/NPCs/游戏活动/雕刻师德勋.cs
结构化C#,页面标签,[@LONGBUFFHP],1,1,CSharpScripts/NPCs/游戏活动/雕刻师德勋.cs
结构化C#,页面标签,[@LONGBUFFMAC],1,1,CSharpScripts/NPCs/游戏活动/雕刻师德勋.cs
结构化C#,页面标签,[@LONGBUFFMC],1,1,CSharpScripts/NPCs/游戏活动/雕刻师德勋.cs
结构化C#,页面标签,[@LONGBUFFMP],1,1,CSharpScripts/NPCs/游戏活动/雕刻师德勋.cs
结构化C#,页面标签,[@LONGBUFFSC],1,1,CSharpScripts/NPCs/游戏活动/雕刻师德勋.cs
结构化C#,页面标签,[@LOWLEVEL],1,1,CSharpScripts/NPCs/潘夜岛/时空之石5.cs
结构化C#,页面标签,[@MAIN-A1],1,1,CSharpScripts/NPCs/关外地区/地狱道3层/地狱鬼魂.cs
结构化C#,页面标签,[@MAIN-A2],1,1,CSharpScripts/NPCs/关外地区/地狱道3层/地狱鬼魂.cs
结构化C#,页面标签,[@MAIN-ELSESAYHASJ],1,1,CSharpScripts/NPCs/昆仑/秘密书库/研究员摩鲁InDun_SD_SecR_1.cs
结构化C#,页面标签,[@MAIN-ELSESAYSKSP],1,1,CSharpScripts/NPCs/昆仑/秘密书库/研究员摩鲁InDun_SD_SecR_1.cs
结构化C#,页面标签,[@MAKE-BLJZ],1,1,CSharpScripts/NPCs/雪白县/营地/周律.cs
结构化C#,页面标签,[@MAKE-BLSZ],1,1,CSharpScripts/NPCs/雪白县/营地/周律.cs
结构化C#,页面标签,[@MAKE-BLXL],1,1,CSharpScripts/NPCs/雪白县/营地/周律.cs
结构化C#,页面标签,[@MANJN],1,1,CSharpScripts/NPCs/游戏管理/管理技能GM.cs
结构化C#,页面标签,[@MAYNOTENTER],1,1,CSharpScripts/NPCs/比奇省/比奇城/皇宫副官0.cs
结构化C#,页面标签,[@MC1],1,1,CSharpScripts/NPCs/比奇省/比奇城/月饼采购员0.cs
结构化C#,页面标签,[@MC2],1,1,CSharpScripts/NPCs/比奇省/比奇城/月饼采购员0.cs
结构化C#,页面标签,[@MJ],1,1,CSharpScripts/NPCs/比奇省/比奇城/月饼采购员0.cs
结构化C#,页面标签,[@MLCS1],1,1,CSharpScripts/NPCs/比奇省/比奇城/任务活动.cs
结构化C#,页面标签,[@MOVE01MAINHALL],1,1,CSharpScripts/NPCs/昆仑/燃烧昆仑/秘传石碑2.cs
结构化C#,页面标签,[@MOVE01UNDERPASS],1,1,CSharpScripts/NPCs/昆仑/燃烧昆仑/秘传石碑1.cs
结构化C#,页面标签,[@MOVE10101],1,1,CSharpScripts/NPCs/比奇省/比奇城/酒馆吴老头0101.cs
结构化C#,页面标签,[@MOVECHZD-1],1,1,CSharpScripts/NPCs/游戏活动/爱心兔子.cs
结构化C#,页面标签,[@MOVECHZD-2],1,1,CSharpScripts/NPCs/游戏活动/爱心兔子.cs
结构化C#,页面标签,[@MOVECHZD-3],1,1,CSharpScripts/NPCs/游戏活动/爱心兔子.cs
结构化C#,页面标签,[@MOVECHZD-4],1,1,CSharpScripts/NPCs/游戏活动/爱心兔子.cs
结构化C#,页面标签,[@MOVECHZD-51],1,1,CSharpScripts/NPCs/游戏活动/爱心兔子.cs
结构化C#,页面标签,[@MOVECHZD-52],1,1,CSharpScripts/NPCs/游戏活动/爱心兔子.cs
结构化C#,页面标签,[@MOVECHZD],1,1,CSharpScripts/NPCs/游戏活动/爱心兔子.cs
结构化C#,页面标签,[@MOVEEBEE01],1,1,CSharpScripts/NPCs/盟重省/沙巴克/沙城异秘3.cs
结构化C#,页面标签,[@MOVEGONRYUN],1,1,CSharpScripts/NPCs/昆仑/燃烧昆仑/燃烧守卫.cs
结构化C#,页面标签,[@MOVEGONRYUN01],1,1,CSharpScripts/NPCs/昆仑/昆仑城/正守卫GonRyun.cs
结构化C#,页面标签,[@MOVEHZH],1,1,CSharpScripts/NPCs/关外地区/地狱道3层/地狱鬼魂.cs
结构化C#,页面标签,[@MOVEHZH1],1,1,CSharpScripts/NPCs/关外地区/地狱道3层/地狱船夫.cs
结构化C#,页面标签,[@MOVEKLLMZMEN],1,1,CSharpScripts/NPCs/昆仑/昆仑城/昆仑堂主GonRyun.cs
结构化C#,页面标签,[@MOVEMYJ],1,1,CSharpScripts/NPCs/游戏活动/满月颓废君.cs
结构化C#,页面标签,[@MOVEMYJCLEAR],1,1,CSharpScripts/NPCs/游戏活动/满月颓废君.cs
结构化C#,页面标签,[@MOVEPEUNMOKDO],1,1,CSharpScripts/NPCs/潘夜岛/水手5.cs
结构化C#,页面标签,[@MOVEYEOHA01],1,1,CSharpScripts/NPCs/南蛮/古代遗迹/如何守卫NAMMAN2.cs
结构化C#,页面标签,[@MOVEYLJ],1,1,CSharpScripts/NPCs/游戏活动/雕刻师德勋.cs
结构化C#,页面标签,[@MOVEZZDG1],1,1,CSharpScripts/NPCs/雪白县/冰川/马库尔.cs
结构化C#,页面标签,[@MOVEZZDG2],1,1,CSharpScripts/NPCs/雪白县/冰川/巴托尔.cs
结构化C#,页面标签,[@NEXT_QUEST],1,1,CSharpScripts/NPCs/道馆/道馆区域/道馆馆主1002.cs
结构化C#,页面标签,[@NEXT_QUEST1],1,1,CSharpScripts/NPCs/道馆/道馆区域/道馆馆主1002.cs
结构化C#,页面标签,[@NEXT_QUEST2],1,1,CSharpScripts/NPCs/道馆/道馆区域/道馆馆主1002.cs
结构化C#,页面标签,[@NEXT_QUEST3],1,1,CSharpScripts/NPCs/道馆/道馆区域/道馆馆主1002.cs
结构化C#,页面标签,[@NEXT10],1,1,CSharpScripts/NPCs/道馆/道馆区域/道馆馆主1002.cs
结构化C#,页面标签,[@NEXT9],1,1,CSharpScripts/NPCs/道馆/道馆区域/道馆馆主1002.cs
结构化C#,页面标签,[@NO],1,1,CSharpScripts/NPCs/比奇省/比奇城/皇宫副官0.cs
结构化C#,页面标签,[@NOHEAR],1,1,CSharpScripts/NPCs/道馆/道馆区域/道馆馆主1002.cs
结构化C#,页面标签,[@NR1],1,1,CSharpScripts/NPCs/比奇省/边界村/善行助理0.cs
结构化C#,页面标签,[@NR2],1,1,CSharpScripts/NPCs/比奇省/边界村/善行助理0.cs
结构化C#,页面标签,[@OPENMAINDOOR],1,1,CSharpScripts/NPCs/盟重省/沙巴克/沙城管理0150.cs
结构化C#,页面标签,[@ORDINARYBOSS],1,1,CSharpScripts/NPCs/游戏活动/满月颓废君.cs
结构化C#,页面标签,[@ORDINARYBOSSCHECKRESULT],1,1,CSharpScripts/NPCs/游戏活动/满月颓废君.cs
结构化C#,页面标签,[@ORDINARYBOSSO1],1,1,CSharpScripts/NPCs/游戏活动/满月颓废君.cs
结构化C#,页面标签,[@ORDINARYBOSSO2],1,1,CSharpScripts/NPCs/游戏活动/满月颓废君.cs
结构化C#,页面标签,[@ORDINARYBOSSO3],1,1,CSharpScripts/NPCs/游戏活动/满月颓废君.cs
结构化C#,页面标签,[@ORDINARYBOSSO4],1,1,CSharpScripts/NPCs/游戏活动/满月颓废君.cs
结构化C#,页面标签,[@ORDINARYBOSSO5],1,1,CSharpScripts/NPCs/游戏活动/满月颓废君.cs
结构化C#,页面标签,[@ORDINARYBOSSO6],1,1,CSharpScripts/NPCs/游戏活动/满月颓废君.cs
结构化C#,页面标签,[@ORDINARYBOSSSTART],1,1,CSharpScripts/NPCs/游戏活动/满月颓废君.cs
结构化C#,页面标签,[@PED],1,1,CSharpScripts/NPCs/道馆/道馆区域/公告牌匾11.cs
结构化C#,页面标签,[@PETSTORE],1,1,CSharpScripts/NPCs/比奇省/比奇城/灵物管理0.cs
结构化C#,页面标签,[@PLAYGAME],1,1,CSharpScripts/NPCs/潘夜岛/满月真君5.cs
结构化C#,页面标签,[@PRE_HEAR],1,1,CSharpScripts/NPCs/道馆/道馆区域/道馆馆主1002.cs
结构化C#,页面标签,[@PREMCAVEMENU],1,1,CSharpScripts/NPCs/比奇省/比奇城/远古使者0.cs
结构化C#,页面标签,[@PROPOSE],1,1,CSharpScripts/NPCs/比奇省/比奇城/比奇城主0122.cs
结构化C#,页面标签,[@PT],1,1,CSharpScripts/NPCs/比奇省/比奇城/月饼采购员0.cs
结构化C#,页面标签,[@QUEST],1,1,CSharpScripts/NPCs/道馆/道馆区域/道馆馆主1002.cs
结构化C#,页面标签,[@QUEST3],1,1,CSharpScripts/NPCs/道馆/野外其他/季正D10061.cs
结构化C#,页面标签,[@QUEST4],1,1,CSharpScripts/NPCs/道馆/野外其他/季正D10061.cs
结构化C#,页面标签,[@QUEST5],1,1,CSharpScripts/NPCs/道馆/野外其他/季正D10061.cs
结构化C#,页面标签,[@QUEST6],1,1,CSharpScripts/NPCs/道馆/野外其他/季正D10061.cs
结构化C#,页面标签,[@QUEST7],1,1,CSharpScripts/NPCs/道馆/野外其他/季正D10061.cs
结构化C#,页面标签,[@QUEST8],1,1,CSharpScripts/NPCs/道馆/野外其他/季正D10061.cs
结构化C#,页面标签,[@READ],1,1,CSharpScripts/NPCs/毒蛇山谷/任务特殊/骷髅残骸D4221.cs
结构化C#,页面标签,[@REAGENT],1,1,CSharpScripts/NPCs/毒蛇山谷/村庄/公告牌2.cs
结构化C#,页面标签,[@REFINECHECK],1,1,CSharpScripts/NPCs/盟重省/沙巴克/装备升级0151.cs
结构化C#,页面标签,[@REFINECOLLECT],1,1,CSharpScripts/NPCs/盟重省/沙巴克/装备升级0151.cs
结构化C#,页面标签,[@REMOVETIME],1,1,CSharpScripts/NPCs/比奇省/比奇城/任务活动.cs
结构化C#,页面标签,[@RENTEDITEMS],1,1,CSharpScripts/NPCs/比奇省/比奇城/任务活动.cs
结构化C#,页面标签,[@REPAIRDOOR],1,1,CSharpScripts/NPCs/盟重省/沙巴克/沙城管理0150.cs
结构化C#,页面标签,[@REPAIRSIEGE],1,1,CSharpScripts/NPCs/盟重省/沙巴克/沙城管理0150.cs
结构化C#,页面标签,[@REPAIRTHEDOOR],1,1,CSharpScripts/NPCs/盟重省/沙巴克/沙城管理0150.cs
结构化C#,页面标签,[@REPAIRTHESIEGE],1,1,CSharpScripts/NPCs/盟重省/沙巴克/沙城管理0150.cs
结构化C#,页面标签,[@REPAIRWALL1],1,1,CSharpScripts/NPCs/盟重省/沙巴克/沙城管理0150.cs
结构化C#,页面标签,[@REPAIRWALL2],1,1,CSharpScripts/NPCs/盟重省/沙巴克/沙城管理0150.cs
结构化C#,页面标签,[@REPAIRWALL3],1,1,CSharpScripts/NPCs/盟重省/沙巴克/沙城管理0150.cs
结构化C#,页面标签,[@REPAIRWALLS],1,1,CSharpScripts/NPCs/盟重省/沙巴克/沙城管理0150.cs
结构化C#,页面标签,[@REPLACEWEDDINGRING],1,1,CSharpScripts/NPCs/比奇省/比奇城/皇宫封印0122.cs
结构化C#,页面标签,[@REQUEST_OK],1,1,CSharpScripts/NPCs/比奇省/比奇城/比奇城主0122.cs
结构化C#,页面标签,[@REQUESTCASTLEWAR],1,1,CSharpScripts/NPCs/比奇省/比奇城/比奇城主0122.cs
结构化C#,页面标签,[@REQUESTCASTLEWARNOW],1,1,CSharpScripts/NPCs/比奇省/比奇城/比奇城主0122.cs
结构化C#,页面标签,[@REQUESTWAR],1,1,CSharpScripts/NPCs/比奇省/比奇城/比奇城主0122.cs
结构化C#,页面标签,[@RESET],1,1,CSharpScripts/NPCs/比奇省/比奇城/觉醒弟子0.cs
结构化C#,页面标签,[@RESETQUESTFLAGS],1,1,CSharpScripts/NPCs/游戏管理/管理综合GM.cs
结构化C#,页面标签,[@SBKSL1],1,1,CSharpScripts/NPCs/盟重省/沙巴克/沙城管理0150.cs
结构化C#,页面标签,[@SBKSL15],1,1,CSharpScripts/NPCs/盟重省/沙巴克/沙城管理0150.cs
结构化C#,页面标签,[@SBKSL30],1,1,CSharpScripts/NPCs/盟重省/沙巴克/沙城管理0150.cs
结构化C#,页面标签,[@SBKSL5],1,1,CSharpScripts/NPCs/盟重省/沙巴克/沙城管理0150.cs
结构化C#,页面标签,[@SBKSUILV],1,1,CSharpScripts/NPCs/盟重省/沙巴克/沙城管理0150.cs
结构化C#,页面标签,[@SC1],1,1,CSharpScripts/NPCs/比奇省/比奇城/月饼采购员0.cs
结构化C#,页面标签,[@SC2],1,1,CSharpScripts/NPCs/比奇省/比奇城/月饼采购员0.cs
结构化C#,页面标签,[@SEE],1,1,CSharpScripts/NPCs/比奇省/比奇城/皇宫副官0.cs
结构化C#,页面标签,[@SKSPSHOP],1,1,CSharpScripts/NPCs/昆仑/秘密书库/研究员摩鲁InDun_SD_SecR_1.cs
结构化C#,页面标签,[@TAKEORGOLD],1,1,CSharpScripts/NPCs/盟重省/沙巴克/沙城管理0150.cs
结构化C#,页面标签,[@TALKPI],1,1,CSharpScripts/NPCs/比奇省/边界村/水手0.cs
结构化C#,页面标签,[@TALKWITH_1],1,1,CSharpScripts/NPCs/毒蛇山谷/任务特殊/神秘人E603.cs
结构化C#,页面标签,[@TALKWITH_2],1,1,CSharpScripts/NPCs/毒蛇山谷/任务特殊/神秘人E603.cs
结构化C#,页面标签,[@TALKWITH_3],1,1,CSharpScripts/NPCs/毒蛇山谷/任务特殊/神秘人E603.cs
结构化C#,页面标签,[@TALKWITH_4],1,1,CSharpScripts/NPCs/毒蛇山谷/任务特殊/神秘人E603.cs
结构化C#,页面标签,[@TAOIST],1,1,CSharpScripts/NPCs/游戏管理/管理技能GM.cs
结构化C#,页面标签,[@TELE66],1,1,CSharpScripts/NPCs/远古比奇/魔龙血域/混沌之树66.cs
结构化C#,页面标签,[@THX],1,1,CSharpScripts/NPCs/比奇省/比奇城/皇宫封印0122.cs
结构化C#,页面标签,[@THX2],1,1,CSharpScripts/NPCs/比奇省/比奇城/皇宫封印0122.cs
结构化C#,页面标签,[@TL1],1,1,CSharpScripts/NPCs/比奇省/比奇城/月饼采购员0.cs
结构化C#,页面标签,[@TL2],1,1,CSharpScripts/NPCs/比奇省/比奇城/月饼采购员0.cs
结构化C#,页面标签,[@TMOVE],1,1,CSharpScripts/NPCs/潘夜岛/潘夜仓库/村长半老B354.cs
结构化C#,页面标签,[@TREATORDOOR],1,1,CSharpScripts/NPCs/盟重省/沙巴克/沙城管理0150.cs
结构化C#,页面标签,[@TXHERO],1,1,CSharpScripts/NPCs/比奇省/比奇城/任务活动.cs
结构化C#,页面标签,[@TY],1,1,CSharpScripts/NPCs/比奇省/比奇城/月饼采购员0.cs
结构化C#,页面标签,[@TZLQKJ],1,1,CSharpScripts/NPCs/昆仑/秘密书库/研究员摩鲁InDun_SD_SecR_1.cs
结构化C#,页面标签,[@UNDERSTANDAWAKEN],1,1,CSharpScripts/NPCs/比奇省/比奇城/觉醒大师0.cs
结构化C#,页面标签,[@UNTALKWITH],1,1,CSharpScripts/NPCs/毒蛇山谷/任务特殊/神秘人E603.cs
结构化C#,页面标签,[@VISITWEBSITE],1,1,CSharpScripts/NPCs/游戏管理/管理综合GM.cs
结构化C#,页面标签,[@WARRIOR],1,1,CSharpScripts/NPCs/游戏管理/管理技能GM.cs
结构化C#,页面标签,[@WARRULE],1,1,CSharpScripts/NPCs/比奇省/比奇城/比奇城主0122.cs
结构化C#,页面标签,[@WINNEW],1,1,CSharpScripts/NPCs/比奇省/比奇城/任务活动.cs
结构化C#,页面标签,[@WIZARD],1,1,CSharpScripts/NPCs/游戏管理/管理技能GM.cs
结构化C#,页面标签,[@XIUFUGJS1],1,1,CSharpScripts/NPCs/盟重省/沙巴克/沙城管理0150.cs
结构化C#,页面标签,[@XIUFUGJS10],1,1,CSharpScripts/NPCs/盟重省/沙巴克/沙城管理0150.cs
结构化C#,页面标签,[@XIUFUGJS11],1,1,CSharpScripts/NPCs/盟重省/沙巴克/沙城管理0150.cs
结构化C#,页面标签,[@XIUFUGJS12],1,1,CSharpScripts/NPCs/盟重省/沙巴克/沙城管理0150.cs
结构化C#,页面标签,[@XIUFUGJS2],1,1,CSharpScripts/NPCs/盟重省/沙巴克/沙城管理0150.cs
结构化C#,页面标签,[@XIUFUGJS3],1,1,CSharpScripts/NPCs/盟重省/沙巴克/沙城管理0150.cs
结构化C#,页面标签,[@XIUFUGJS4],1,1,CSharpScripts/NPCs/盟重省/沙巴克/沙城管理0150.cs
结构化C#,页面标签,[@XIUFUGJS5],1,1,CSharpScripts/NPCs/盟重省/沙巴克/沙城管理0150.cs
结构化C#,页面标签,[@XIUFUGJS6],1,1,CSharpScripts/NPCs/盟重省/沙巴克/沙城管理0150.cs
结构化C#,页面标签,[@XIUFUGJS7],1,1,CSharpScripts/NPCs/盟重省/沙巴克/沙城管理0150.cs
结构化C#,页面标签,[@XIUFUGJS8],1,1,CSharpScripts/NPCs/盟重省/沙巴克/沙城管理0150.cs
结构化C#,页面标签,[@XIUFUGJS9],1,1,CSharpScripts/NPCs/盟重省/沙巴克/沙城管理0150.cs
结构化C#,页面标签,[@XY],1,1,CSharpScripts/NPCs/比奇省/比奇城/月饼采购员0.cs
结构化C#,页面标签,[@YES],1,1,CSharpScripts/NPCs/比奇省/比奇城/皇宫副官0.cs
结构化C#,页面标签,[@ZZDHRCJ],1,1,CSharpScripts/NPCs/夔龙城/酷寒洞窟/清凉活动4.cs
结构化C#,页面标签,[@ZZTHHJ],1,1,CSharpScripts/NPCs/比奇省/比奇城/皇宫封印0122.cs
结构化C#,只读占位符,USERNAME,195,48,CSharpScripts/NPCs/_LegacyTxt/NpcCommandReference.cs；CSharpScripts/NPCs/比奇省/比奇城/材料回收0.cs；CSharpScripts/NPCs/比奇省/比奇城/彩票世旭0.cs
结构化C#,只读占位符,OUTPUT,76,3,CSharpScripts/NPCs/_LegacyTxt/NpcCommandReference.cs；CSharpScripts/SystemScripts/_Generated/00Default/特殊消耗品/定位的符咒.cs；CSharpScripts/SystemScripts/_Generated/00Default/UseItems.cs
结构化C#,只读占位符,NPCNAME,35,33,CSharpScripts/NPCs/_LegacyTxt/NpcCommandReference.cs；CSharpScripts/NPCs/比奇省/比奇城/公告牌0.cs；CSharpScripts/NPCs/潘夜岛/满月真君5.cs
结构化C#,只读占位符,MAPNAME,16,3,CSharpScripts/NPCs/_LegacyTxt/NpcCommandReference.cs；CSharpScripts/SystemScripts/_Generated/00Default/特殊消耗品/定位的符咒.cs；CSharpScripts/SystemScripts/_Generated/00Default/UseItems.cs
结构化C#,只读占位符,MAP,15,4,CSharpScripts/NPCs/_LegacyTxt/NpcCommandReference.cs；CSharpScripts/NPCs/游戏活动/满月颓废君.cs；CSharpScripts/SystemScripts/_Generated/00Default/特殊消耗品/定位的符咒.cs
结构化C#,只读占位符,PARCELAMOUNT,14,14,CSharpScripts/NPCs/_LegacyTxt/NpcCommandReference.cs；CSharpScripts/NPCs/比奇省/比奇城/东海旅馆店员0.cs；CSharpScripts/NPCs/比奇省/比奇城/客栈老板0125.cs
结构化C#,只读占位符,X_COORD,14,3,CSharpScripts/NPCs/_LegacyTxt/NpcCommandReference.cs；CSharpScripts/SystemScripts/_Generated/00Default/特殊消耗品/定位的符咒.cs；CSharpScripts/SystemScripts/_Generated/00Default/UseItems.cs
结构化C#,只读占位符,Y_COORD,14,3,CSharpScripts/NPCs/_LegacyTxt/NpcCommandReference.cs；CSharpScripts/SystemScripts/_Generated/00Default/特殊消耗品/定位的符咒.cs；CSharpScripts/SystemScripts/_Generated/00Default/UseItems.cs
结构化C#,只读占位符,CONQUESTGUARD,13,2,CSharpScripts/NPCs/_LegacyTxt/NpcCommandReference.cs；CSharpScripts/NPCs/盟重省/沙巴克/沙城管理0150.cs
结构化C#,只读占位符,CONQUESTOWNER,5,5,CSharpScripts/NPCs/_LegacyTxt/NpcCommandReference.cs；CSharpScripts/NPCs/盟重省/沙巴克/沙城管理0150.cs；CSharpScripts/NPCs/盟重省/沙巴克/沙城肉店3.cs
结构化C#,只读占位符,CONQUESTWALL,4,2,CSharpScripts/NPCs/_LegacyTxt/NpcCommandReference.cs；CSharpScripts/NPCs/盟重省/沙巴克/沙城管理0150.cs
结构化C#,只读占位符,GUILDNAME,4,2,CSharpScripts/NPCs/_LegacyTxt/NpcCommandReference.cs；CSharpScripts/NPCs/比奇省/比奇城/公告牌0.cs
结构化C#,只读占位符,PKPOINT,4,4,CSharpScripts/NPCs/_LegacyTxt/NpcCommandReference.cs；CSharpScripts/NPCs/游戏管理/管理武器GM.cs；CSharpScripts/SystemScripts/_Generated/00Default/命令物品/PK查询.cs
结构化C#,只读占位符,ROLLRESULT,4,2,CSharpScripts/NPCs/_LegacyTxt/NpcCommandReference.cs；CSharpScripts/NPCs/游戏活动/满月颓废君.cs
结构化C#,只读占位符,CONQUESTGATE,3,2,CSharpScripts/NPCs/_LegacyTxt/NpcCommandReference.cs；CSharpScripts/NPCs/盟重省/沙巴克/沙城管理0150.cs
结构化C#,只读占位符,CONQUESTRATE,3,2,CSharpScripts/NPCs/_LegacyTxt/NpcCommandReference.cs；CSharpScripts/NPCs/盟重省/沙巴克/沙城管理0150.cs
结构化C#,只读占位符,DATE,3,2,CSharpScripts/NPCs/_LegacyTxt/NpcCommandReference.cs；CSharpScripts/NPCs/游戏管理/管理综合GM.cs
结构化C#,只读占位符,GUILDWARFEE,3,2,CSharpScripts/NPCs/_LegacyTxt/NpcCommandReference.cs；CSharpScripts/NPCs/比奇省/比奇城/比奇城主0122.cs
结构化C#,只读占位符,HP,3,2,CSharpScripts/NPCs/_LegacyTxt/NpcCommandReference.cs；CSharpScripts/NPCs/游戏管理/管理药水GM.cs
结构化C#,只读占位符,LEVEL,3,2,CSharpScripts/NPCs/_LegacyTxt/NpcCommandReference.cs；CSharpScripts/NPCs/游戏管理/管理坐骑GM.cs
结构化C#,只读占位符,MAXHP,3,2,CSharpScripts/NPCs/_LegacyTxt/NpcCommandReference.cs；CSharpScripts/NPCs/游戏管理/管理药水GM.cs
结构化C#,只读占位符,RING_L,3,3,CSharpScripts/NPCs/_LegacyTxt/NpcCommandReference.cs；CSharpScripts/NPCs/比奇省/比奇城/皇宫封印0122.cs；CSharpScripts/NPCs/游戏管理/管理戒指GM.cs
结构化C#,只读占位符,ARMOUR,2,2,CSharpScripts/NPCs/_LegacyTxt/NpcCommandReference.cs；CSharpScripts/NPCs/游戏管理/管理盔甲GM.cs
结构化C#,只读占位符,BELT,2,2,CSharpScripts/NPCs/_LegacyTxt/NpcCommandReference.cs；CSharpScripts/NPCs/游戏管理/管理腰带GM.cs
结构化C#,只读占位符,BOOTS,2,2,CSharpScripts/NPCs/_LegacyTxt/NpcCommandReference.cs；CSharpScripts/NPCs/游戏管理/管理靴子GM.cs
结构化C#,只读占位符,BRACELET_L,2,2,CSharpScripts/NPCs/_LegacyTxt/NpcCommandReference.cs；CSharpScripts/NPCs/游戏管理/管理手镯GM.cs
结构化C#,只读占位符,BRACELET_R,2,2,CSharpScripts/NPCs/_LegacyTxt/NpcCommandReference.cs；CSharpScripts/NPCs/游戏管理/管理手镯GM.cs
结构化C#,只读占位符,CONQUESTGOLD,2,2,CSharpScripts/NPCs/_LegacyTxt/NpcCommandReference.cs；CSharpScripts/NPCs/盟重省/沙巴克/沙城管理0150.cs
结构化C#,只读占位符,CONQUESTSCHEDULE,2,2,CSharpScripts/NPCs/_LegacyTxt/NpcCommandReference.cs；CSharpScripts/NPCs/沙巴克战旗/BattleFlagHooks.cs
结构化C#,只读占位符,CONQUESTSIEGE,2,2,CSharpScripts/NPCs/_LegacyTxt/NpcCommandReference.cs；CSharpScripts/NPCs/盟重省/沙巴克/沙城管理0150.cs
结构化C#,只读占位符,GAMEGOLD,2,2,CSharpScripts/NPCs/_LegacyTxt/NpcCommandReference.cs；CSharpScripts/NPCs/游戏管理/管理消耗GM.cs
结构化C#,只读占位符,GUILDWARTIME,2,1,CSharpScripts/NPCs/_LegacyTxt/NpcCommandReference.cs
结构化C#,只读占位符,HELMET,2,2,CSharpScripts/NPCs/_LegacyTxt/NpcCommandReference.cs；CSharpScripts/NPCs/游戏管理/管理头盔GM.cs
结构化C#,只读占位符,MAXMP,2,2,CSharpScripts/NPCs/_LegacyTxt/NpcCommandReference.cs；CSharpScripts/NPCs/游戏管理/管理药水GM.cs
结构化C#,只读占位符,MOUNT,2,2,CSharpScripts/NPCs/_LegacyTxt/NpcCommandReference.cs；CSharpScripts/NPCs/游戏管理/管理坐骑GM.cs
结构化C#,只读占位符,MP,2,2,CSharpScripts/NPCs/_LegacyTxt/NpcCommandReference.cs；CSharpScripts/NPCs/游戏管理/管理药水GM.cs
结构化C#,只读占位符,NECKLACE,2,2,CSharpScripts/NPCs/_LegacyTxt/NpcCommandReference.cs；CSharpScripts/NPCs/游戏管理/管理项链-GM.cs
结构化C#,只读占位符,RING_R,2,2,CSharpScripts/NPCs/_LegacyTxt/NpcCommandReference.cs；CSharpScripts/NPCs/游戏管理/管理戒指GM.cs
结构化C#,只读占位符,STONE,2,2,CSharpScripts/NPCs/_LegacyTxt/NpcCommandReference.cs；CSharpScripts/NPCs/游戏管理/管理护石GM.cs
结构化C#,只读占位符,USERCOUNT,2,1,CSharpScripts/NPCs/_LegacyTxt/NpcCommandReference.cs
结构化C#,只读占位符,WEAPON,2,2,CSharpScripts/NPCs/_LegacyTxt/NpcCommandReference.cs；CSharpScripts/NPCs/游戏管理/管理武器GM.cs
结构化C#,只读占位符,AMULET,1,1,CSharpScripts/NPCs/_LegacyTxt/NpcCommandReference.cs
结构化C#,只读占位符,CLASS,1,1,CSharpScripts/NPCs/_LegacyTxt/NpcCommandReference.cs
结构化C#,只读占位符,CREDIT,1,1,CSharpScripts/NPCs/_LegacyTxt/NpcCommandReference.cs
结构化C#,只读占位符,MONSTERCOUNT,1,1,CSharpScripts/NPCs/_LegacyTxt/NpcCommandReference.cs
结构化C#,只读占位符,MOUNTLOYALTY,1,1,CSharpScripts/NPCs/_LegacyTxt/NpcCommandReference.cs
结构化C#,只读占位符,TORCH,1,1,CSharpScripts/NPCs/_LegacyTxt/NpcCommandReference.cs
结构化C#,注册入口,REGISTERNPCSHOP,274,274,CSharpScripts/NPCs/比奇省/半兽古墓/仓库郑氏D002.cs；CSharpScripts/NPCs/比奇省/半兽古墓/洞窟老者D002.cs；CSharpScripts/NPCs/比奇省/半兽古墓/奸商崔氏DM001.cs
结构化C#,注册入口,REGISTERONPLAYERUSEITEM,71,5,CSharpScripts/SystemScripts/00Default/UseItems/UseItemsPart01_12_99.cs；CSharpScripts/SystemScripts/00Default/UseItems/UseItemsPart13_32.cs；CSharpScripts/SystemScripts/00Default/UseItems/UseItemsPart299_305.cs
结构化C#,注册入口,REGISTERCUSTOMCOMMAND,9,1,CSharpScripts/SystemScripts/00Default/CustomCommandHooks.cs
结构化C#,注册入口,REGISTERACTIVEMAPCOORD,6,1,CSharpScripts/SystemScripts/00Default/MapCoordHooks.cs
结构化C#,注册入口,REGISTERONMONSTERDIE,2,2,CSharpScripts/NPCs/00Monster/MonsterHooks.cs；CSharpScripts/Poc/PocHooks.cs
结构化C#,注册入口,REGISTERONCLIENTEVENT,1,1,CSharpScripts/SystemScripts/00Default/ClientHooks.cs
结构化C#,注册入口,REGISTERONPLAYERACCEPTQUEST,1,1,CSharpScripts/SystemScripts/00Default/OnAcceptQuestHooks.cs
结构化C#,注册入口,REGISTERONPLAYERCUSTOMCOMMAND,1,1,CSharpScripts/SystemScripts/00Default/CustomCommandHooks.cs
结构化C#,注册入口,REGISTERONPLAYERDAILY,1,1,CSharpScripts/SystemScripts/00Default/DailyHooks.cs
结构化C#,注册入口,REGISTERONPLAYERDIE,1,1,CSharpScripts/SystemScripts/00Default/DieHooks.cs
结构化C#,注册入口,REGISTERONPLAYERFINISHQUEST,1,1,CSharpScripts/SystemScripts/00Default/OnFinishQuestHooks.cs
结构化C#,注册入口,REGISTERONPLAYERLEVELUP,1,1,CSharpScripts/SystemScripts/00Default/LevelUpHooks.cs
结构化C#,注册入口,REGISTERONPLAYERLOGIN,1,1,CSharpScripts/SystemScripts/00Default/LoginHooks.cs
结构化C#,注册入口,REGISTERONPLAYERMAPCOORD,1,1,CSharpScripts/SystemScripts/00Default/MapCoordHooks.cs
结构化C#,注册入口,REGISTERONPLAYERMAPENTER,1,1,CSharpScripts/SystemScripts/00Default/MapEnterHooks.cs
结构化C#,注册入口,REGISTERONPLAYERTRIGGER,1,1,CSharpScripts/SystemScripts/00Default/TriggerHooks.cs
结构化C#,注册入口,REGISTERPAGE,1,1,CSharpScripts/NPCs/沙巴克战旗/BattleFlagHooks.cs
迁移注释,翎风语义,TXT,723,462,CSharpScripts/NPCs/_LegacyTxt/00Monster/MonsterFileUsageReference.cs；CSharpScripts/NPCs/_LegacyTxt/NpcCommandReference.cs；CSharpScripts/NPCs/00Robot/RobotHooks.cs
迁移注释,翎风语义,TEXTFILEDEFINITION,670,439,CSharpScripts/NPCs/_LegacyTxt/00Monster/MonsterFileUsageReference.cs；CSharpScripts/NPCs/_LegacyTxt/NpcCommandReference.cs；CSharpScripts/NPCs/比奇省/半兽古墓/仓库郑氏D002.cs
迁移注释,翎风语义,MOVE,34,34,CSharpScripts/NPCs/比奇省/比奇城/酒馆吴老头0101.cs；CSharpScripts/NPCs/道馆/丛林迷宫/迷宫光柱12.cs；CSharpScripts/NPCs/道馆/丛林迷宫/远古神石12.cs
迁移注释,翎风语义,NPCTXTBACKUP,26,13,CSharpScripts/NPCs/盟重省/土城/Blacksmith0159.cs；CSharpScripts/NPCs/盟重省/土城/Butcher3.cs；CSharpScripts/NPCs/盟重省/土城/Clothes0149.cs
迁移注释,翎风语义,CHECKGOLD,11,11,CSharpScripts/NPCs/昆仑/昆仑城/正守卫GonRyun.cs；CSharpScripts/NPCs/昆仑/昆仑野外/谷底公告牌SDFront.cs；CSharpScripts/NPCs/昆仑/燃烧昆仑/秘传石碑1.cs
迁移注释,翎风语义,CHECKPKPOINT,6,6,CSharpScripts/NPCs/比奇省/边界村/仓库保管0140.cs；CSharpScripts/NPCs/昆仑/昆仑城/联盟UNIONGUILD.cs；CSharpScripts/NPCs/盟重省/土城/仓库管理0146.cs
迁移注释,翎风语义,SPECIAL,6,5,CSharpScripts/NPCs/比奇省/比奇城/彩票世旭0.cs；CSharpScripts/NPCs/盟重省/土城/9Mlo3.cs；CSharpScripts/NPCs/盟重省/土城/土城彩票3.cs
迁移注释,翎风语义,BASEINSTANCEID,4,1,CSharpScripts/NPCs/游戏活动/满月颓废君.cs
迁移注释,翎风语义,BUILT,4,1,CSharpScripts/NPCs/游戏管理/管理综合GM.cs
迁移注释,翎风语义,TIMERKEY,3,1,CSharpScripts/NPCs/比奇省/比奇城/任务活动.cs
迁移注释,翎风语义,HASBAGSPACE,2,1,CSharpScripts/NPCs/比奇省/比奇城/游戏向导0.cs
迁移注释,翎风语义,LEVEL,2,2,CSharpScripts/NPCs/比奇省/野外/昆仑比奇石0.cs；CSharpScripts/NPCs/夔龙城/酷寒洞窟/清凉活动4.cs
迁移注释,翎风语义,ROLLYUT,2,1,CSharpScripts/NPCs/游戏活动/满月颓废君.cs
迁移注释,翎风语义,SET,2,2,CSharpScripts/NPCs/道馆/道馆区域/道馆馆主1002.cs；CSharpScripts/NPCs/游戏管理/管理综合GM.cs
迁移注释,翎风语义,TIMERTYPE,2,1,CSharpScripts/NPCs/比奇省/比奇城/任务活动.cs
迁移注释,翎风语义,CHECKEXACTMON,1,1,CSharpScripts/NPCs/雪白县/雪人洞窟/雪洞石柱.cs
迁移注释,翎风语义,CHECKMON,1,1,CSharpScripts/NPCs/游戏活动/满月颓废君.cs
迁移注释,翎风语义,CHECKPERMISSION,1,1,CSharpScripts/NPCs/盟重省/沙巴克/沙城管理0150.cs
迁移注释,翎风语义,CHECKQUEST,1,1,CSharpScripts/NPCs/比奇省/比奇城/皇宫副官0.cs
迁移注释,翎风语义,DEFAULTNPC,1,1,CSharpScripts/SystemScripts/00Default/MapCoordHooks.cs
迁移注释,翎风语义,GIVEBUFF,1,1,CSharpScripts/NPCs/游戏活动/雕刻师德勋.cs
迁移注释,翎风语义,LOCALMESSAGE,1,1,CSharpScripts/NPCs/雪白县/雪人洞窟/雪洞石柱.cs
迁移注释,翎风语义,OPENBROWSER,1,1,CSharpScripts/NPCs/游戏管理/管理综合GM.cs
迁移注释,翎风语义,TAKEITEM,1,1,CSharpScripts/NPCs/比奇省/比奇城/皇宫封印0122.cs
原始DSL,标签,@_EVENTREWARD,2,2,CSharpScripts/Events/0-Event-40.cs；CSharpScripts/Events/gumi203-Event-41.cs
原始DSL,标签,@MAIN,1,1,CSharpScripts/Events/Event/Event41.cs
原始DSL,动作,GIVEITEM,8,2,CSharpScripts/Events/Event/Event41.cs；CSharpScripts/Events/gumi203-Event-41.cs
原始DSL,动作,ADDATTRIBUTEPOINT,2,2,CSharpScripts/Events/0-Event-40.cs；CSharpScripts/Events/gumi203-Event-41.cs
原始DSL,动作,GIVEEXP,2,2,CSharpScripts/Events/0-Event-40.cs；CSharpScripts/Events/gumi203-Event-41.cs
原始DSL,动作,GIVEGOLD,2,2,CSharpScripts/Events/0-Event-40.cs；CSharpScripts/Events/gumi203-Event-41.cs
原始DSL,动作,LOCALMESSAGE,2,2,CSharpScripts/Events/0-Event-40.cs；CSharpScripts/Events/gumi203-Event-41.cs
原始DSL,段落,#ACT,10,3,CSharpScripts/Events/0-Event-40.cs；CSharpScripts/Events/Event/Event41.cs；CSharpScripts/Events/gumi203-Event-41.cs
原始DSL,段落,#IF,8,2,CSharpScripts/Events/Event/Event41.cs；CSharpScripts/Events/gumi203-Event-41.cs
原始DSL,检测,RANDOM,8,2,CSharpScripts/Events/Event/Event41.cs；CSharpScripts/Events/gumi203-Event-41.cs
